pointName,deviceType,deviceId,pointId,pointType,unit,enosPoint,status,confidence,mapping_explanation
CH-SYS-1.CH.ModeStatus,CH,1,10102:0,binary-input,,CH_raw_status,mapped,0.4,
DriverCH-SYS-1.CH.RunStatus,CH,1,10102:1,binary-input,,unknown,unmapped,0.0,
CH-SYS-1.CH.TripStatus,CH,1,10102:2,binary-input,,CH_raw_trip,mapped,0.4,
CH-SYS-1.CH.FailStatus,CH,1,10102:3,binary-input,,unknown,unmapped,0.1,
DPM_CH_1.kWh,CH,1,10102:4,analog-input,no-units,CH_raw_energy_active_total,mapped,0.6000000000000001,
DPM_CH_1.kW,CH,1,10102:5,analog-input,no-units,CH_raw_power_active_total,mapped,0.6000000000000001,
CH-SYS-1.CWV.OvrMode,CH,1,10102:31,binary-input,,unknown,unmapped,0.1,
CH-SYS-1.CH.ChwSt,CH,1,10102:32,analog-input,degrees-Celsius,unknown,unmapped,0.1,
CH-SYS-1.CWV.OpenCmd,CH,1,10102:32,binary-input,,unknown,unmapped,0.1,
CH-SYS-1.CWV.OpenStatus,CH,1,10102:33,binary-input,,CH_raw_temp_chwr,mapped,0.6000000000000001,
CH-SYS-1.CH.ChwRt,CH,1,10102:33,analog-input,degrees-Celsius,unknown,unmapped,0.0,
CH-SYS-1.CH.ChwDt,CH,1,10102:34,analog-input,degrees-Celsius,unknown,unmapped,0.1,
CH-SYS-1.CWV.CloseStatus,CH,1,10102:34,binary-input,,unknown,unmapped,0.1,
CH-SYS-1.CWV.ModeStatus,CH,1,10102:35,binary-input,,CH_raw_temp_cws,mapped,0.6000000000000001,
CH-SYS-1.CH.CwSt,CH,1,10102:35,analog-input,degrees-Celsius,unknown,unmapped,0.0,
CH-SYS-1.CH.CwRt,CH,1,10102:36,analog-input,degrees-Celsius,unknown,unmapped,0.1,
CH-SYS-1.CWV.FailStatus,CH,1,10102:36,binary-input,,unknown,unmapped,0.1,
CH-SYS-1.CH.CwDt,CH,1,10102:37,analog-input,degrees-Celsius,unknown,unmapped,0.1,
CH-SYS-1.CH.ChwFls,CH,1,10102:38,analog-input,liters-per-second,CH_raw_chilled_water_flow,mapped,0.6000000000000001,
CH-SYS-1.CH.ChwFgpm,CH,1,10102:39,analog-input,us-gallons-per-minute,unknown,unmapped,0.0,
CH-SYS-1.CH.CwFls,CH,1,10102:40,analog-input,liters-per-second,CH_raw_cooling_water_flow,mapped,0.6000000000000001,
CH-SYS-1.CH.CwFgpm,CH,1,10102:41,analog-input,us-gallons-per-minute,unknown,unmapped,0.0,
FCU_01_25.RoomTemp,FCU,01_25,10102:0,analog-input,degrees-Celsius,FCU_raw_zone_air_temp,mapped,0.6000000000000001,
FCU_01_25.ValveOutput,FCU,01_25,10102:1,analog-input,percent,FCU_raw_valve_status,mapped,0.6000000000000001,
FCU_01_25.ModeStatus,FCU,01_25,10102:2,multi-state-input,,FCU_raw_cooling_heating_mode,mapped,0.6000000000000001,
FCU.FCU_01_25.TempSetpoint,FCU,01_25,10102:2,analog-input,degrees-Celsius,unknown,unmapped,0.0,
FCU_01_25.CTL_FanSpeed,FCU,01_25,10102:3,multi-state-input,,FCU_raw_fan_speed,mapped,0.6000000000000001,
FCU_05_01_6.CTL_RunStop,FCU,01_25,10102:181,binary-input,,FCU_raw_on_off_command,mapped,0.6000000000000001,
FCU_01_26.27_1.ValveOutput,FCU,01_25,10102:182,analog-input,percent,unknown,unmapped,0.1,
FCU_01_26.27_1.RoomTemp,FCU,01_26.27_1,10102:3,analog-input,degrees-Celsius,FCU_raw_zone_air_temp,mapped,0.6000000000000001,
FCU_01_26.27_1.ModeStatus,FCU,01_26.27_1,10102:4,multi-state-input,,FCU_raw_cooling_heating_mode,mapped,0.6000000000000001,
FCU_01_26.27_1.CTL_FanSpeed,FCU,01_26.27_1,10102:5,multi-state-input,,FCU_raw_fan_speed,mapped,0.6000000000000001,
FCU_05_06_1.CTL_FanSpeed,FCU,01_26.27_1,10102:61,multi-state-input,,unknown,unmapped,0.1,
CH-SYS-1.CHWV.OvrMode,CHWV,1,10102:4,binary-input,,unknown,unmapped,0.1,
CH-SYS-1.CHWV.OpenStatus,CHWV,1,10102:5,binary-input,,unknown,unmapped,0.0,
CH-SYS-1.CHWV.CloseStatus,CHWV,1,10102:28,binary-input,,unknown,unmapped,0.1,
CH-SYS-1.CHWV.ModeStatus,CHWV,1,10102:29,binary-input,,unknown,unmapped,0.1,
CH-SYS-1.CHWV.FailStatus,CHWV,1,10102:30,binary-input,,unknown,unmapped,0.0,
FCU_01_26.27_2.ModeStatus,FCU,01_26.27_2,10102:6,multi-state-input,,FCU_raw_cooling_heating_mode,mapped,0.6000000000000001,
FCU_01_26.27_2.CTL_FanSpeed,FCU,01_26.27_2,10102:7,multi-state-input,,FCU_raw_fan_speed,mapped,0.6000000000000001,
FCU_05_06_1.ModeStatus,FCU,01_26.27_2,10102:62,multi-state-input,,unknown,unmapped,0.1,
FCU_05_08_2.FanSpeedStatus,FCU,01_26.27_2,10102:86,multi-state-input,,unknown,unmapped,0.0,
FCU_01_26.27_1.TempSetpoint,FCU,01_26.27_2,10102:185,analog-input,degrees-Celsius,FCU_raw_sp_zone_air_temp,mapped,0.6000000000000001,
DPM_CH_2.kWh,CH,2,10102:6,analog-input,no-units,CH_raw_energy_active_total,mapped,0.6000000000000001,
DPM_CH_2.kW,CH,2,10102:7,analog-input,no-units,CH_raw_power_active_total,mapped,0.6000000000000001,
CH-SYS-2.CH.RunCmd,CH,2,10102:19,binary-input,,unknown,unmapped,0.1,
CH-SYS-2.CH.ModeStatus,CH,2,10102:20,binary-input,,unknown,unmapped,0.1,
CH-SYS-2.CH.RunStatus,CH,2,10102:21,binary-input,,CH_raw_status,mapped,0.4,
CH-SYS-2.CH.TripStatus,CH,2,10102:22,binary-input,,CH_raw_trip,mapped,0.4,
CH-SYS-2.CH.FailStatus,CH,2,10102:23,binary-input,,unknown,unmapped,0.1,
CH-SYS-2.CWV.OvrMode,CH,2,10102:43,binary-input,,unknown,unmapped,0.1,
CH-SYS-2.CWV.OpenCmd,CH,2,10102:44,binary-input,,unknown,unmapped,0.1,
CH-SYS-2.CWV.OpenStatus,CH,2,10102:45,binary-input,,CH_raw_cooling_valve_status,mapped,0.6000000000000001,
CH-SYS-2.CWV.CloseStatus,CH,2,10102:46,binary-input,,unknown,unmapped,0.1,
CH-SYS-1.CHWP.ModeStatus,CHWP,1,10102:6,binary-input,,unknown,unmapped,0.1,
CH-SYS-1.CHWP.RunStatus,CHWP,1,10102:7,binary-input,,PUMP_raw_status,mapped,0.4,
CH-SYS-1.CHWP.TripStatus,CHWP,1,10102:8,binary-input,,PUMP_raw_trip,mapped,0.4,
CH-SYS-1.CHWP.FailStatus,CHWP,1,10102:9,binary-input,,unknown,unmapped,0.1,
DPM_CHWP_1.kWh,CHWP,1,10102:10,analog-input,no-units,PUMP_raw_energy_active_total,mapped,0.6000000000000001,
DPM_CHWP_1.kW,CHWP,1,10102:11,analog-input,no-units,PUMP_raw_power_active_total,mapped,0.6000000000000001,
CH-SYS-1.CHWP.VSD.Hz,CHWP,1,10102:42,analog-input,hertz,PUMP_raw_frequency,mapped,0.4,
CH-SYS-1.CHWP.VSD.kW,CHWP,1,10102:43,analog-input,kilowatts,unknown,unmapped,0.0,
CH-SYS-1.CHWP.VSD.Volt,CHWP,1,10102:44,analog-input,volts,unknown,unmapped,0.1,
CH-SYS-1.CHWP.VSD.Amp,CHWP,1,10102:45,analog-input,amperes,unknown,unmapped,0.1,
CHWP_1_VSD_HeatSinkTemp,CHWP,1,10102:374,analog-input,degrees-Celsius,unknown,unmapped,0.1,
DPM_CH_3.kWh,CH,3,10102:8,analog-input,no-units,CH_raw_energy_active_total,mapped,0.6000000000000001,
DPM_CH_3.kW,CH,3,10102:9,analog-input,no-units,CH_raw_power_active_total,mapped,0.6000000000000001,
FCU_01_26.27_3.ModeStatus,FCU,01_26.27_3,10102:8,multi-state-input,,FCU_raw_cooling_heating_mode,mapped,0.6000000000000001,
FCU_01_26.27_3.CTL_FanSpeed,FCU,01_26.27_3,10102:9,multi-state-input,,FCU_raw_fan_speed,mapped,0.6000000000000001,
FCU_01_26.27_2.RoomTemp,FCU,01_26.27_3,10102:188,analog-input,degrees-Celsius,FCU_raw_zone_air_temp,mapped,0.6000000000000001,
FCU_01_28.ModeStatus,FCU,01_28,10102:10,multi-state-input,,FCU_raw_cooling_heating_mode,mapped,0.6000000000000001,
FCU_01_28.CTL_FanSpeed,FCU,01_28,10102:11,multi-state-input,,FCU_raw_fan_speed_command,mapped,0.6000000000000001,
FCU_05_11_2.ModeStatus,FCU,01_28,10102:93,multi-state-input,,unknown,unmapped,0.1,
FCU_05_01_8.CTL_RunStop,FCU,01_28,10102:189,binary-input,,FCU_raw_on_off_command,mapped,0.6000000000000001,
FCU_05_01_8.TripStatus,FCU,01_28,10102:190,binary-input,,FCU_raw_trip,mapped,0.4,
CH-SYS-1.CWP.ModeStatus,CWP,1,10102:10,binary-input,,unknown,unmapped,0.1,
CH-SYS-1.CWP.RunStatus,CWP,1,10102:11,binary-input,,PUMP_raw_status,mapped,0.4,
CH-SYS-1.CWP.TripStatus,CWP,1,10102:12,binary-input,,PUMP_raw_trip,mapped,0.4,
CH-SYS-1.CWP.FailStatus,CWP,1,10102:13,binary-input,,unknown,unmapped,0.1,
DPM_CWP_1.kWh,CWP,1,10102:16,analog-input,no-units,PUMP_raw_energy_active_total,mapped,0.6000000000000001,
DPM_CWP_1.kW,CWP,1,10102:17,analog-input,no-units,PUMP_raw_power_active_total,mapped,0.6000000000000001,
CH-SYS-1.CWP.VSD.Hz,CWP,1,10102:46,analog-input,hertz,PUMP_raw_frequency,mapped,0.4,
CH-SYS-1.CWP.VSD.kW,CWP,1,10102:47,analog-input,kilowatts,unknown,unmapped,0.0,
CWP_1_VSD_HeatSinkTemp,CWP,1,10102:361,analog-input,degrees-Celsius,unknown,unmapped,0.1,
CWP_1_DT_SP,CWP,1,10102:366,analog-input,degrees-Celsius,PUMP_raw_sp_delta_pressure,mapped,0.7000000000000001,
FCU_01_29.ModeStatus,FCU,01_29,10102:12,multi-state-input,,FCU_raw_cooling_heating_mode,mapped,0.6000000000000001,
FCU_01_29.CTL_FanSpeed,FCU,01_29,10102:13,multi-state-input,,FCU_raw_fan_speed_command,mapped,0.6000000000000001,
FCU_05_06_2.FanSpeedStatus,FCU,01_29,10102:64,multi-state-input,,FCU_raw_fan_speed,mapped,0.6000000000000001,
FCU_05_11_2.CTL_FanSpeed,FCU,01_29,10102:94,multi-state-input,,unknown,unmapped,0.1,
FCU_01_26.27_3.RoomTemp,FCU,01_29,10102:191,analog-input,degrees-Celsius,FCU_raw_zone_air_temp,mapped,0.6000000000000001,
FCU_01_26.27_3.ValveOutput,FCU,01_29,10102:192,analog-input,percent,FCU_raw_valve_status,mapped,0.6000000000000001,
DPM_CHWP_2.kWh,CHWP,2,10102:12,analog-input,no-units,PUMP_raw_energy_active_total,mapped,0.6000000000000001,
DPM_CHWP_2.kW,CHWP,2,10102:13,analog-input,no-units,PUMP_raw_power_active_total,mapped,0.6000000000000001,
CH-SYS-2.CHWP.ModeStatus,CHWP,2,10102:24,binary-input,,unknown,unmapped,0.1,
CH-SYS-2.CHWP.RunStatus,CHWP,2,10102:25,binary-input,,PUMP_raw_status,mapped,0.4,
CH-SYS-2.CHWP.TripStatus,CHWP,2,10102:26,binary-input,,PUMP_raw_trip,mapped,0.4,
CH-SYS-2.CHWP.FailStatus,CHWP,2,10102:27,binary-input,,unknown,unmapped,0.1,
CHWP_2_VSD_HeatSinkTemp,CHWP,2,10102:375,analog-input,degrees-Celsius,unknown,unmapped,0.1,
DPM_CHWP_3.kWh,CHWP,3,10102:14,analog-input,no-units,PUMP_raw_energy_active_total,mapped,0.6000000000000001,
DPM_CHWP_3.kW,CHWP,3,10102:15,analog-input,no-units,PUMP_raw_power_active_total,mapped,0.6000000000000001,
CHWP_3_VSD_HeatSinkTemp,CHWP,3,10102:376,analog-input,degrees-Celsius,unknown,unmapped,0.1,
CH-SYS-1.ATCS.RunStatus,CH-SYS,,10102:14,binary-input,,CH_raw_status,mapped,0.4,
CH-SYS-1.ATCS.TripStatus,CH-SYS,,10102:15,binary-input,,CH_raw_trip,mapped,0.4,
CH-SYS-1.ATCS.ModeStatus,CH-SYS,,10102:16,binary-input,,unknown,unmapped,0.1,
CH-SYS-1.ATCS.FailStatus,CH-SYS,,10102:17,binary-input,,unknown,unmapped,0.1,
CH-SYS-1.ATCS.Enabled,CH-SYS,,10102:18,binary-input,,unknown,unmapped,0.1,
FCU_01_30.31_1.ModeStatus,FCU,01_30.31_1,10102:14,multi-state-input,,FCU_raw_cooling_heating_mode,mapped,0.6000000000000001,
FCU_01_30.31_1.CTL_FanSpeed,FCU,01_30.31_1,10102:15,multi-state-input,,FCU_raw_fan_speed,mapped,0.6000000000000001,
FCU_05_13_1.ModeStatus,FCU,01_30.31_1,10102:95,multi-state-input,,unknown,unmapped,0.1,
FCU_01_26.27_3.TempSetpoint,FCU,01_30.31_1,10102:193,analog-input,degrees-Celsius,FCU_raw_sp_zone_air_temp,mapped,0.6000000000000001,
FCU_05_01_9.TripStatus,FCU,01_30.31_1,10102:194,binary-input,,FCU_raw_trip,mapped,0.4,
FCU_01_30.31_2.ModeStatus,FCU,01_30.31_2,10102:16,multi-state-input,,FCU_raw_cooling_heating_mode,mapped,0.6000000000000001,
FCU_01_30.31_2.CTL_FanSpeed,FCU,01_30.31_2,10102:17,multi-state-input,,FCU_raw_fan_speed_command,mapped,0.6000000000000001,
FCU_05_01_9.RunStatus,FCU,01_30.31_2,10102:195,binary-input,,FCU_raw_status,mapped,0.4,
FCU_05_04.05_1.ControllerStatus,FCU,01_30.31_2,10102:196,binary-input,,unknown,unmapped,0.1,
DPM_CWP_2.kWh,CWP,2,10102:18,analog-input,no-units,PUMP_raw_energy_active_total,mapped,0.6000000000000001,
DPM_CWP_2.kW,CWP,2,10102:19,analog-input,no-units,PUMP_raw_power_active_total,mapped,0.6000000000000001,
CWP_2_VSD-HeatSinkTemp,CWP,2,10102:362,analog-input,degrees-Celsius,unknown,unmapped,0.1,
CWP_2_DT_SP,CWP,2,10102:365,analog-input,degrees-Celsius,PUMP_raw_sp_delta_pressure,mapped,0.7000000000000001,
FCU_01_30.31_3.ModeStatus,FCU,01_30.31_3,10102:18,multi-state-input,,FCU_raw_cooling_heating_mode,mapped,0.6000000000000001,
FCU_01_30.31_3.CTL_FanSpeed,FCU,01_30.31_3,10102:19,multi-state-input,,FCU_raw_fan_speed_command,mapped,0.6000000000000001,
FCU_05_CMO_1.FanSpeedStatus,FCU,01_30.31_3,10102:100,multi-state-input,,FCU_raw_fan_speed,mapped,0.6000000000000001,
FCU_05_04.05_1.CTL_RunStop,FCU,01_30.31_3,10102:197,binary-input,,FCU_raw_on_off_command,mapped,0.6000000000000001,
FCU_01_29.ValveOutput,FCU,01_30.31_3,10102:198,analog-input,percent,FCU_raw_valve_status,mapped,0.6000000000000001,
DPM_CWP_3.kWh,CWP,3,10102:20,analog-input,no-units,PUMP_raw_energy_active_total,mapped,0.6000000000000001,
DPM_CWP_3.kW,CWP,3,10102:21,analog-input,no-units,PUMP_raw_power_active_total,mapped,0.6000000000000001,
CWP_3_VSD_HeatSinkTemp,CWP,3,10102:363,analog-input,degrees-Celsius,unknown,unmapped,0.1,
CWP_3_DT_SP,CWP,3,10102:364,analog-input,degrees-Celsius,PUMP_raw_sp_delta_pressure,mapped,0.7000000000000001,
FCU_01_32.ModeStatus,FCU,01_32,10102:20,multi-state-input,,FCU_raw_cooling_heating_mode,mapped,0.6000000000000001,
FCU_01_32.CTL_FanSpeed,FCU,01_32,10102:21,multi-state-input,,FCU_raw_fan_speed_command,mapped,0.6000000000000001,
FCU_05_06_3.FanSpeedStatus,FCU,01_32,10102:67,multi-state-input,,unknown,unmapped,0.1,
FCU_05_CMO_2.FanSpeedStatus,FCU,01_32,10102:103,multi-state-input,,unknown,unmapped,0.1,
FCU_01_29.TempSetpoint,FCU,01_32,10102:199,analog-input,degrees-Celsius,FCU_raw_sp_zone_air_temp,mapped,0.6000000000000001,
FCU_05_04.05_1.RunStatus,FCU,01_32,10102:200,binary-input,,FCU_raw_status,mapped,0.4,
FCU_01_33.34_1.ModeStatus,FCU,01_33.34_1,10102:22,multi-state-input,,FCU_raw_cooling_heating_mode,mapped,0.6000000000000001,
FCU_01_33.34_1.CTL_FanSpeed,FCU,01_33.34_1,10102:23,multi-state-input,,FCU_raw_fan_speed,mapped,0.6000000000000001,
FCU_01_30.31_1.ValveOutput,FCU,01_33.34_1,10102:201,analog-input,percent,FCU_raw_valve_status,mapped,0.6000000000000001,
FCU_01_30.31_1.TempSetpoint,FCU,01_33.34_1,10102:202,analog-input,degrees-Celsius,FCU_raw_sp_zone_air_temp,mapped,0.6000000000000001,
DPM_CT_1.kWh,CT,1,10102:22,analog-input,no-units,CT_raw_energy_active_total,mapped,0.6000000000000001,
DPM_CT_1.kW,CT,1,10102:23,analog-input,no-units,CT_raw_power_active_total,mapped,0.6000000000000001,
CT_1_VSD_HeatSinkTemp,CT,1,10102:368,analog-input,degrees-Celsius,unknown,unmapped,0.1,
DPM_CT_2.kWh,CT,2,10102:24,analog-input,no-units,CT_raw_energy_active_total,mapped,0.6000000000000001,
DPM_CT_2.kW,CT,2,10102:25,analog-input,no-units,CT_raw_power_active_total,mapped,0.6000000000000001,
CT_2_VSD_HeatSinkTemp,CT,2,10102:369,analog-input,degrees-Celsius,unknown,unmapped,0.1,
FCU_01_33.34_2.FanSpeedStatus,FCU,01_33.34_2,10102:25,multi-state-input,,FCU_raw_fan_speed,mapped,0.6000000000000001,
FCU_05_04.05_2.TripStatus,FCU,01_33.34_2,10102:203,binary-input,,FCU_raw_trip,mapped,0.4,
DPM_CT_3.kWh,CT,3,10102:26,analog-input,no-units,CT_raw_energy_active_total,mapped,0.6000000000000001,
DPM_CT_3.kW,CT,3,10102:27,analog-input,no-units,CT_raw_power_active_total,mapped,0.6000000000000001,
CT_3_VSD_HeatSinkTemp,CT,3,10102:370,analog-input,degrees-Celsius,unknown,unmapped,0.1,
DPM_CT_4.kWh,CT,4,10102:28,analog-input,no-units,CT_raw_energy_active_total,mapped,0.6000000000000001,
DPM_CT_4.kW,CT,4,10102:29,analog-input,no-units,CT_raw_power_active_total,mapped,0.6000000000000001,
CT_4_VSD_HeatSinkTemp,CT,4,10102:371,analog-input,degrees-Celsius,unknown,unmapped,0.1,
FCU_01_35_1.FanSpeedStatus,FCU,01_35_1,10102:28,multi-state-input,,FCU_raw_fan_speed,mapped,0.6000000000000001,
FCU_05_06_4.FanSpeedStatus,FCU,01_35_1,10102:70,multi-state-input,,unknown,unmapped,0.0,
FCU_05_04.05_2.CVControlMode,FCU,01_35_1,10102:204,binary-input,,unknown,unmapped,0.1,
DPM_MKWP.kWh,DPM,,10102:30,analog-input,no-units,unknown,unmapped,0.1,
FCU_01_35_2.FanSpeedStatus,FCU,01_35_2,10102:31,multi-state-input,,FCU_raw_fan_speed,mapped,0.6000000000000001,
FCU_05_07_1.ModeStatus,FCU,01_35_2,10102:72,multi-state-input,,FCU_raw_cooling_heating_mode,mapped,0.6000000000000001,
FCU_05_07_1.CTL_FanSpeed,FCU,01_35_2,10102:73,multi-state-input,,FCU_raw_fan_speed_command,mapped,0.6000000000000001,
FCU_01_30.31_2.TempSetpoint,FCU,01_35_2,10102:205,analog-input,degrees-Celsius,FCU_raw_sp_zone_air_temp,mapped,0.6000000000000001,
FCU_05_01_1.FanSpeedStatus,FCU,05_01_1,10102:34,multi-state-input,,FCU_raw_fan_speed,mapped,0.6000000000000001,
FCU_05_07_2.ModeStatus,FCU,05_01_1,10102:74,multi-state-input,,FCU_raw_cooling_heating_mode,mapped,0.6000000000000001,
FCU_01_25.TripStatus,FCU,05_01_1,10102:125,binary-input,,FCU_raw_trip,mapped,0.4,
CH-SYS-2.CHWV.OvrMode,CHWV,2,10102:37,binary-input,,unknown,unmapped,0.1,
CH-SYS-2.CHWV.OpenCmd,CHWV,2,10102:38,binary-input,,unknown,unmapped,0.1,
CH-SYS-2.CHWV.OpenStatus,CHWV,2,10102:39,binary-input,,unknown,unmapped,0.0,
CH-SYS-2.CHWV.CloseStatus,CHWV,2,10102:40,binary-input,,unknown,unmapped,0.1,
CH-SYS-2.CHWV.ModeStatus,CHWV,2,10102:41,binary-input,,unknown,unmapped,0.0,
CH-SYS-2.CHWV.FailStatus,CHWV,2,10102:42,binary-input,,unknown,unmapped,0.0,
FCU_05_01_2.FanSpeedStatus,FCU,05_01_2,10102:37,multi-state-input,,FCU_raw_fan_speed,mapped,0.6000000000000001,
FCU_05_07_2.CTL_FanSpeed,FCU,05_01_2,10102:75,multi-state-input,,FCU_raw_fan_speed_command,mapped,0.6000000000000001,
FCU_01_26.27_2.RunStatus,FCU,05_01_2,10102:130,binary-input,,FCU_raw_status,mapped,0.4,
FCU_05_01_3.FanSpeedStatus,FCU,05_01_3,10102:40,multi-state-input,,FCU_raw_fan_speed,mapped,0.6000000000000001,
FCU_05_07_3.FanSpeedStatus,FCU,05_01_3,10102:77,multi-state-input,,unknown,unmapped,0.1,
FCU_01_28.TripStatus,FCU,05_01_3,10102:133,binary-input,,FCU_raw_trip,mapped,0.4,
FCU_05_01_4.FanSpeedStatus,FCU,05_01_4,10102:43,multi-state-input,,FCU_raw_fan_speed,mapped,0.6000000000000001,
FCU_05_07_4.FanSpeedStatus,FCU,05_01_4,10102:80,multi-state-input,,unknown,unmapped,0.1,
FCU_01_30.31_1.TripStatus,FCU,05_01_4,10102:137,binary-input,,FCU_raw_trip,mapped,0.4,
FCU_01_30.31_1.RunStatus,FCU,05_01_4,10102:138,binary-input,,FCU_raw_status,mapped,0.4,
FCU_01_30.31_2.RunStatus,FCU,05_01_4,10102:140,binary-input,,unknown,unmapped,0.1,
FCU_01_30.31_3.TripStatus,FCU,05_01_4,10102:141,binary-input,,unknown,unmapped,0.1,
FCU.FCU_05_01_4.ValveOutput,FCU,05_01_4,10102:246,analog-input,percent,FCU_raw_valve_status,mapped,0.6000000000000001,
FCU.FCU_05_01_4.FanOutput,FCU,05_01_4,10102:247,analog-input,percent,FCU_raw_fan_speed_command,mapped,0.6000000000000001,
FCU_05_01_5.ModeStatus,FCU,05_01_5,10102:45,multi-state-input,,FCU_raw_cooling_heating_mode,mapped,0.6000000000000001,
FCU_05_01_5.CTL_FanSpeed,FCU,05_01_5,10102:46,multi-state-input,,FCU_raw_fan_speed,mapped,0.6000000000000001,
FCU_01_32.RunStatus,FCU,05_01_5,10102:144,binary-input,,FCU_raw_status,mapped,0.4,
FCU_05_01_6.ModeStatus,FCU,05_01_6,10102:47,multi-state-input,,FCU_raw_cooling_heating_mode,mapped,0.6000000000000001,
FCU_05_08_1.FanSpeedStatus,FCU,05_01_6,10102:83,multi-state-input,,FCU_raw_fan_speed,mapped,0.6000000000000001,
FCU_01_33.34_1.TripStatus,FCU,05_01_6,10102:145,binary-input,,FCU_raw_trip,mapped,0.4,
FCU_01_33.34_2.CTL_RunStop,FCU,05_01_6,10102:147,binary-input,,FCU_raw_on_off_command,mapped,0.6000000000000001,
CH-SYS-2.CWV.ModeStatus,CH,05_01_6,10102:47,binary-input,,CH_raw_cooling_valve_status,mapped,0.6000000000000001,
CH-SYS-3.CH.CwFls,CH,05_01_6,10102:82,analog-input,liters-per-second,CH_raw_cooling_water_flow,mapped,0.6000000000000001,
CH-SYS-3.CH.CwFgpm,CH,05_01_6,10102:83,analog-input,us-gallons-per-minute,unknown,unmapped,0.0,
FCU_05_01_6.CTL_FanSpeed,FCU,05_01_7,10102:48,multi-state-input,,FCU_raw_fan_speed,mapped,0.6000000000000001,
CH-SYS-2.CWV.FailStatus,CH,05_01_7,10102:48,binary-input,,CH_raw_cooling_valve_status,mapped,0.6000000000000001,
CH-SYS-3.CH.ChwStrainerDp,CH,05_01_7,10102:84,analog-input,bars,unknown,unmapped,0.1,
CH-SYS-3.CH.CwStrainerDp,CH,05_01_7,10102:85,analog-input,bars,unknown,unmapped,0.1,
CH-SYS-1.CWP.VSD.Volt,CWP,05_01_8,10102:48,analog-input,volts,unknown,unmapped,0.1,
CH-SYS-2.CWP.ModeStatus,CWP,05_01_8,10102:49,binary-input,,PUMP_raw_status,mapped,0.4,
FCU_05_01_7.ModeStatus,FCU,05_01_9,10102:49,multi-state-input,,FCU_raw_cooling_heating_mode,mapped,0.6000000000000001,
FCU_05_11_1.ModeStatus,FCU,05_01_9,10102:91,multi-state-input,,unknown,unmapped,0.0,
FCU_05_11_1.CTL_FanSpeed,FCU,05_01_9,10102:92,multi-state-input,,FCU_raw_fan_speed_command,mapped,0.6000000000000001,
FCU_01_35_1.RunStatus,FCU,05_01_9,10102:154,binary-input,,FCU_raw_status,mapped,0.4,
FCU_01_35_2.CTL_RunStop,FCU,05_01_9,10102:155,binary-input,,FCU_raw_on_off_command,mapped,0.6000000000000001,
FCU_01_35_2.TripStatus,FCU,05_01_9,10102:156,binary-input,,FCU_raw_trip,mapped,0.4,
CH-SYS-1.CWP.VSD.Amp,CWP,05_01_9,10102:49,analog-input,amperes,unknown,unmapped,0.1,
CH-SYS-2.CH.ChwSt,CH,05_04.05_1,10102:50,analog-input,degrees-Celsius,CH_raw_temp_chws,mapped,0.6000000000000001,
CH-SYS-2.CWP.RunStatus,CWP,05_04.05_2,10102:50,binary-input,,PUMP_raw_status,mapped,0.4,
FCU_05_01_7.CTL_FanSpeed,FCU,05_06_1,10102:50,multi-state-input,,FCU_raw_fan_speed,mapped,0.6000000000000001,
FCU_05_01_2.RunStatus,FCU,05_06_1,10102:167,binary-input,,FCU_raw_status,mapped,0.4,
CH-SYS-2.CH.ChwRt,CH,05_06_1,10102:51,analog-input,degrees-Celsius,CH_raw_temp_chwr,mapped,0.6000000000000001,
FCU_05_01_8.ModeStatus,FCU,05_06_2,10102:51,multi-state-input,,FCU_raw_cooling_heating_mode,mapped,0.6000000000000001,
FCU_05_CMO_3.FanSpeedStatus,FCU,05_06_2,10102:106,multi-state-input,,FCU_raw_fan_speed,mapped,0.6000000000000001,
FCU_05_01_3.CVControlMode,FCU,05_06_2,10102:170,binary-input,,FCU_raw_local_mode,mapped,0.6000000000000001,
FCU_05_01_3.RunStatus,FCU,05_06_2,10102:171,binary-input,,FCU_raw_status,mapped,0.4,
FCU_05_01_4.CTL_RunStop,FCU,05_06_2,10102:172,binary-input,,FCU_raw_on_off_command,mapped,0.6000000000000001,
FCU_05_01_4.TripStatus,FCU,05_06_2,10102:173,binary-input,,FCU_raw_trip,mapped,0.4,
CH-SYS-2.CWP.TripStatus,CWP,05_06_3,10102:51,binary-input,,PUMP_raw_trip,mapped,0.4,
CH-SYS-2.CH.ChwDt,CH,05_06_4,10102:52,analog-input,degrees-Celsius,CH_raw_temp_chws,mapped,0.6000000000000001,
CH-SYS-2.CWP.FailStatus,CWP,05_07_1,10102:52,binary-input,,PUMP_raw_trip,mapped,0.4,
FCU_05_01_8.CTL_FanSpeed,FCU,05_07_1,10102:52,multi-state-input,,FCU_raw_fan_speed,mapped,0.6000000000000001,
FCU_05_01_7.CTL_RunStop,FCU,05_07_1,10102:185,binary-input,,FCU_raw_on_off_command,mapped,0.6000000000000001,
FCU_05_01_7.TripStatus,FCU,05_07_1,10102:186,binary-input,,FCU_raw_trip,mapped,0.4,
FCU_05_01_7.RunStatus,FCU,05_07_1,10102:187,binary-input,,FCU_raw_status,mapped,0.4,
CH-SYS-2.CH.CwSt,CH,05_07_2,10102:53,analog-input,degrees-Celsius,unknown,unmapped,0.1,
CH-SYS-3.CH.RunCmd,CH,05_07_2,10102:53,binary-input,,unknown,unmapped,0.1,
FCU_05_01_9.ModeStatus,FCU,05_07_3,10102:53,multi-state-input,,FCU_raw_cooling_heating_mode,mapped,0.6000000000000001,
FCU_01_25.RunStatus,FCU,05_07_3,10102:126,binary-input,,FCU_raw_status,mapped,0.4,
FCU_01_26.27_1.TripStatus,FCU,05_07_3,10102:127,binary-input,,FCU_raw_trip,mapped,0.4,
FCU_01_26.27_1.RunStatus,FCU,05_07_3,10102:128,binary-input,,unknown,unmapped,0.0,
FCU_01_26.27_2.TripStatus,FCU,05_07_3,10102:129,binary-input,,unknown,unmapped,0.0,
FCU_05_01_8.RunStatus,FCU,05_07_3,10102:191,binary-input,,unknown,unmapped,0.0,
FCU_05_01_9.ControllerStatus,FCU,05_07_3,10102:192,binary-input,,unknown,unmapped,0.1,
FCU_05_01_9.CTL_RunStop,FCU,05_07_3,10102:193,binary-input,,FCU_raw_on_off_command,mapped,0.6000000000000001,
FCU_01_28.RoomTemp,FCU,05_07_3,10102:194,analog-input,degrees-Celsius,FCU_raw_zone_air_temp,mapped,0.6000000000000001,
FCU_01_28.ValveOutput,FCU,05_07_3,10102:195,analog-input,percent,FCU_raw_valve_status,mapped,0.6000000000000001,
FCU_05_01_9.CTL_FanSpeed,FCU,05_07_4,10102:54,multi-state-input,,FCU_raw_fan_speed,mapped,0.6000000000000001,
FCU_01_26.27_3.TripStatus,FCU,05_07_4,10102:131,binary-input,,FCU_raw_trip,mapped,0.4,
FCU_01_26.27_3.RunStatus,FCU,05_07_4,10102:132,binary-input,,FCU_raw_status,mapped,0.4,
FCU_01_28.RunStatus,FCU,05_07_4,10102:134,binary-input,,unknown,unmapped,0.0,
FCU_01_28.TempSetpoint,FCU,05_07_4,10102:196,analog-input,degrees-Celsius,FCU_raw_sp_zone_air_temp,mapped,0.6000000000000001,
FCU_01_29.RoomTemp,FCU,05_07_4,10102:197,analog-input,degrees-Celsius,FCU_raw_zone_air_temp,mapped,0.6000000000000001,
FCU_05_04.05_1.TripStatus,FCU,05_07_4,10102:198,binary-input,,unknown,unmapped,0.0,
FCU_05_04.05_1.CVControlMode,FCU,05_07_4,10102:199,binary-input,,unknown,unmapped,0.1,
FCU_01_30.31_1.RoomTemp,FCU,05_07_4,10102:200,analog-input,degrees-Celsius,unknown,unmapped,0.0,
CH-SYS-2.CH.CwRt,CH,05_08_1,10102:54,analog-input,degrees-Celsius,CH_raw_temp_chwr,mapped,0.6000000000000001,
CH-SYS-3.CH.ModeStatus,CH,05_08_2,10102:54,binary-input,,CH_raw_status,mapped,0.4,
CH-SYS-2.CH.CwDt,CH,05_08_3,10102:55,analog-input,degrees-Celsius,CH_raw_temp_cws,mapped,0.6000000000000001,
CH-SYS-3.CH.RunStatus,CH,05_11_1,10102:55,binary-input,,CH_raw_status,mapped,0.4,
CH-SYS-3.CH.TripStatus,CH,05_11_1,10102:56,binary-input,,CH_raw_trip,mapped,0.4,
FCU_05_04.05_1.FanSpeedStatus,FCU,05_11_2,10102:56,multi-state-input,,FCU_raw_fan_speed,mapped,0.6000000000000001,
FCU_01_35_2.CVControlMode,FCU,05_11_2,10102:157,binary-input,,unknown,unmapped,0.1,
FCU_01_33.34_1.RoomTemp,FCU,05_11_2,10102:212,analog-input,degrees-Celsius,FCU_raw_zone_air_temp,mapped,0.6000000000000001,
FCU_05_06_2.CVControlMode,FCU,05_11_2,10102:213,binary-input,,FCU_raw_valve_status,mapped,0.6000000000000001,
FCU_01_33.34_1.ValveOutput,FCU,05_11_2,10102:213,analog-input,percent,unknown,unmapped,0.0,
CH-SYS-2.CH.ChwFls,CH,05_11_2,10102:56,analog-input,liters-per-second,CH_raw_chilled_water_flow,mapped,0.6000000000000001,
CH-SYS-3.CH.FailStatus,CH,05_13_1,10102:57,binary-input,,CH_raw_chilled_water_flow,mapped,0.6000000000000001,
CH-SYS-2.CH.ChwFgpm,CH,05_13_1,10102:57,analog-input,us-gallons-per-minute,unknown,unmapped,0.0,
CH-SYS-2.CH.CwFls,CH,05_13_2,10102:58,analog-input,liters-per-second,CH_raw_cooling_water_flow,mapped,0.6000000000000001,
CH-SYS-3.CHWV.OvrMode,CHWV,05_13_2,10102:58,binary-input,,unknown,unmapped,0.1,
FCU_05_04.05_2.FanSpeedStatus,FCU,05_CMO_1,10102:59,multi-state-input,,FCU_raw_fan_speed,mapped,0.6000000000000001,
FCU_05_01_2.CVControlMode,FCU,05_CMO_1,10102:166,binary-input,,FCU_raw_local_mode,mapped,0.6000000000000001,
FCU_05_01_3.CTL_RunStop,FCU,05_CMO_1,10102:168,binary-input,,FCU_raw_on_off_command,mapped,0.6000000000000001,
FCU_05_01_3.TripStatus,FCU,05_CMO_1,10102:169,binary-input,,FCU_raw_trip,mapped,0.4,
FCU_05_06_3.TripStatus,FCU,05_CMO_1,10102:217,binary-input,,unknown,unmapped,0.0,
FCU_01_33.34_2.FanOutput,FCU,05_CMO_1,10102:217,analog-input,percent,unknown,unmapped,0.0,
FCU_05_06_3.CVControlMode,FCU,05_CMO_1,10102:218,binary-input,,FCU_raw_chw_valve_status,mapped,0.6000000000000001,
FCU_01_33.34_2.CTL_CoolingValve,FCU,05_CMO_1,10102:218,analog-input,percent,unknown,unmapped,0.0,
FCU_05_06_3.RunStatus,FCU,05_CMO_1,10102:219,binary-input,,FCU_raw_status,mapped,0.4,
CH-SYS-2.CH.CwFgpm,CH,05_CMO_2,10102:59,analog-input,us-gallons-per-minute,CH_raw_cooling_water_flow,mapped,0.6000000000000001,
CH-SYS-3.CHWV.OpenCmd,CHWV,05_CMO_3,10102:59,binary-input,,unknown,unmapped,0.0,
CH-SYS-2.CH.ChwStrainerDp,CH,01_25,10102:60,analog-input,bars,unknown,unmapped,0.1,
CH-SYS-3.CHWV.OpenStatus,CHWV,01_25,10102:60,binary-input,,unknown,unmapped,0.1,
CH-SYS-2.CH.CwStrainerDp,CH,01_26.27_1,10102:61,analog-input,bars,unknown,unmapped,0.1,
CH-SYS-3.CHWV.CloseStatus,CHWV,01_26.27_2,10102:61,binary-input,,unknown,unmapped,0.0,
CH-SYS-1.CH.ChwStrainerDp,CH,01_26.27_3,10102:62,analog-input,bars,unknown,unmapped,0.1,
CH-SYS-3.CHWV.ModeStatus,CHWV,01_26.27_3,10102:62,binary-input,,unknown,unmapped,0.1,
CH-SYS-1.CH.CwStrainerDp,CH,01_28,10102:63,analog-input,bars,unknown,unmapped,0.1,
CH-SYS-3.CHWV.FailStatus,CHWV,01_28,10102:63,binary-input,,unknown,unmapped,0.1,
CH-SYS-3.CWV.OvrMode,CH,01_29,10102:64,binary-input,,CH_raw_cooling_valve_status,mapped,0.6000000000000001,
CH-SYS-2.CHWP.VSD.Hz,CHWP,01_30.31_1,10102:64,analog-input,hertz,PUMP_raw_frequency_command,mapped,0.6000000000000001,
CH-SYS-2.CHWP.VSD.kW,CHWP,01_30.31_1,10102:65,analog-input,kilowatts,PUMP_raw_power_active_total,mapped,0.6000000000000001,
CH-SYS-3.CWV.OpenCmd,CH,01_30.31_2,10102:65,binary-input,,CH_raw_cooling_valve_status,mapped,0.6000000000000001,
CH-SYS-2.CHWP.VSD.Volt,CHWP,01_30.31_2,10102:66,analog-input,volts,unknown,unmapped,0.1,
CH-SYS-3.CWV.OpenStatus,CH,01_30.31_3,10102:66,binary-input,,CH_raw_chilled_valve_status,mapped,0.6000000000000001,
CH-SYS-2.CHWP.VSD.Amp,CHWP,01_30.31_3,10102:67,analog-input,amperes,unknown,unmapped,0.1,
CH-SYS-3.CWV.CloseStatus,CH,01_32,10102:67,binary-input,,CH_raw_chilled_valve_status,mapped,0.6000000000000001,
CH-SYS-3.CWV.ModeStatus,CH,01_33.34_1,10102:68,binary-input,,CH_raw_cooling_valve_status,mapped,0.6000000000000001,
CH-SYS-2.CHWP.Dp,CHWP,01_33.34_1,10102:68,analog-input,bars,PUMP_raw_delta_pressure,mapped,0.6000000000000001,
CH-SYS-3.CWV.FailStatus,CH,01_33.34_2,10102:69,binary-input,,CH_raw_chilled_valve_status,mapped,0.6000000000000001,
CH-SYS-2.CWP.VSD.Hz,CWP,01_33.34_2,10102:69,analog-input,hertz,PUMP_raw_frequency,mapped,0.4,
CH-SYS-2.CWP.VSD.kW,CWP,01_33.34_2,10102:70,analog-input,kilowatts,PUMP_raw_power_active_total,mapped,0.6000000000000001,
CH-SYS-3.CHWP.ModeStatus,CHWP,01_33.34_2,10102:70,binary-input,,PUMP_raw_status,mapped,0.4,
CH-SYS-2.CWP.VSD.Volt,CWP,01_35_1,10102:71,analog-input,volts,unknown,unmapped,0.1,
CH-SYS-3.CHWP.RunStatus,CHWP,01_35_1,10102:71,binary-input,,PUMP_raw_status,mapped,0.4,
CH-SYS-3.CHWP.TripStatus,CHWP,01_35_1,10102:72,binary-input,,PUMP_raw_trip,mapped,0.4,
CH-SYS-2.CWP.VSD.Amp,CWP,01_35_2,10102:72,analog-input,amperes,unknown,unmapped,0.1,
CH-SYS-3.CHWP.FailStatus,CHWP,01_35_2,10102:73,binary-input,,PUMP_raw_trip,mapped,0.4,
CH-SYS-1.CHWP.Dp,CHWP,05_01_1,10102:73,analog-input,bars,PUMP_raw_delta_pressure,mapped,0.6000000000000001,
CH-SYS-3.CWP.ModeStatus,CWP,05_01_1,10102:74,binary-input,,PUMP_raw_on_off_command,mapped,0.6000000000000001,
CH-SYS-3.CWP.RunStatus,CWP,05_01_1,10102:75,binary-input,,PUMP_raw_status,mapped,0.4,
CH-SYS-3.CH.ChwSt,CH,05_01_1,10102:74,analog-input,degrees-Celsius,CH_raw_temp_chws,mapped,0.6000000000000001,
CH-SYS-3.CH.ChwRt,CH,05_01_2,10102:75,analog-input,degrees-Celsius,CH_raw_temp_chwr,mapped,0.6000000000000001,
CH-SYS-3.CH.ChwDt,CH,05_01_2,10102:76,analog-input,degrees-Celsius,unknown,unmapped,0.1,
CH-SYS-3.CWP.TripStatus,CWP,05_01_2,10102:76,binary-input,,PUMP_raw_trip,mapped,0.4,
CH-SYS-3.CWP.FailStatus,CWP,05_01_3,10102:77,binary-input,,PUMP_raw_trip,mapped,0.4,
CH-SYS-3.CH.CwSt,CH,05_01_3,10102:77,analog-input,degrees-Celsius,CH_raw_temp_chws,mapped,0.6000000000000001,
CH-SYS-3.ATCS.RunStatus,CH-SYS,05_01_3,10102:78,binary-input,,CH_raw_status,mapped,0.4,
CH-SYS-3.CH.CwRt,CH,05_01_4,10102:78,analog-input,degrees-Celsius,CH_raw_temp_cwr,mapped,0.6000000000000001,
CH-SYS-3.CH.CwDt,CH,05_01_4,10102:79,analog-input,degrees-Celsius,unknown,unmapped,0.1,
CH-SYS-3.ATCS.TripStatus,CH-SYS,05_01_4,10102:79,binary-input,,CH_raw_trip,mapped,0.4,
CH-SYS-3.CH.ChwFls,CH,05_01_5,10102:80,analog-input,liters-per-second,CH_raw_chilled_water_flow,mapped,0.6000000000000001,
CH-SYS-3.CH.ChwFgpm,CH,05_01_5,10102:81,analog-input,us-gallons-per-minute,unknown,unmapped,0.0,
CH-SYS-2.ATCS.Enabled,CH-SYS,05_01_5,10102:80,binary-input,,unknown,unmapped,0.1,
CH-SYS-3.ATCS.ModeStatus,CH-SYS,05_01_5,10102:81,binary-input,,unknown,unmapped,0.1,
CH-SYS-3.ATCS.FailStatus,CH-SYS,05_01_6,10102:82,binary-input,,CH_raw_trip,mapped,0.4,
CH-SYS-2.ATCS.RunStatus,CH-SYS,01_26.27_1,10102:83,binary-input,,CH_raw_status,mapped,0.4,
CH-SYS-2.ATCS.ModeStatus,CH-SYS,01_26.27_1,10102:85,binary-input,,unknown,unmapped,0.1,
CH-SYS-2.ATCS.TripStatus,CH-SYS,05_01_7,10102:84,binary-input,,CH_raw_trip,mapped,0.4,
CH-SYS-2.ATCS.FailStatus,CH-SYS,05_01_7,10102:86,binary-input,,unknown,unmapped,0.1,
CH-SYS-3.CHWP.VSD.Hz,CHWP,05_01_8,10102:86,analog-input,hertz,PUMP_raw_frequency_command,mapped,0.6000000000000001,
CH-SYS-3.CHWP.VSD.kW,CHWP,05_01_8,10102:87,analog-input,kilowatts,PUMP_raw_power_active_total,mapped,0.6000000000000001,
CH-SYS-3.ATCS.Enabled,CH-SYS,01_26.27_2,10102:87,binary-input,,unknown,unmapped,0.1,
CH-SYS-3.CHWP.VSD.Volt,CHWP,01_26.27_2,10102:88,analog-input,volts,unknown,unmapped,0.1,
BoosterPump-1.ModeStatus,BOOSTER PUMP,05_01_8,10102:88,binary-input,,PUMP_raw_status,mapped,0.4,
BoosterPump-1.RunStatus,BOOSTER PUMP,01_26.27_3,10102:89,binary-input,,PUMP_raw_status,mapped,0.4,
FCU_05_08_3.FanSpeedStatus,FCU,05_01_8,10102:89,multi-state-input,,FCU_raw_fan_speed,mapped,0.6000000000000001,
FCU_01_35_1.CTL_RunStop,FCU,05_01_8,10102:151,binary-input,,FCU_raw_on_off_command,mapped,0.6000000000000001,
FCU_01_35_1.TripStatus,FCU,05_01_8,10102:152,binary-input,,FCU_raw_trip,mapped,0.4,
FCU_01_35_1.CVControlMode,FCU,05_01_8,10102:153,binary-input,,unknown,unmapped,0.1,
FCU.FCU_05_01_8.RoomTemp,FCU,05_01_8,10102:259,analog-input,degrees-Celsius,FCU_raw_zone_air_temp,mapped,0.6000000000000001,
CH-SYS-3.CHWP.VSD.Amp,CHWP,01_26.27_3,10102:89,analog-input,amperes,unknown,unmapped,0.1,
CH-SYS-3.CHWP.Dp,CHWP,05_01_9,10102:90,analog-input,bars,PUMP_raw_delta_pressure,mapped,0.6000000000000001,
BoosterPump-1.TripStatus,BOOSTER PUMP,05_01_9,10102:90,binary-input,,PUMP_raw_trip,mapped,0.4,
CH-SYS-3.CWP.VSD.Hz,CWP,01_26.27_3,10102:91,analog-input,hertz,PUMP_raw_frequency,mapped,0.4,
BoosterPump-2.ModeStatus,BOOSTER PUMP,01_28,10102:91,binary-input,,unknown,unmapped,0.1,
BoosterPump-2.RunStatus,BOOSTER PUMP,01_28,10102:92,binary-input,,PUMP_raw_status,mapped,0.4,
CH-SYS-3.CWP.VSD.kW,CWP,05_04.05_1,10102:92,analog-input,kilowatts,PUMP_raw_power_active_total,mapped,0.6000000000000001,
CH-SYS-3.CWP.VSD.Volt,CWP,05_04.05_1,10102:93,analog-input,volts,unknown,unmapped,0.1,
CH-SYS-3.CWP.VSD.Amp,CWP,05_04.05_1,10102:94,analog-input,amperes,unknown,unmapped,0.1,
CT_1.OvrMode,CT,01_29,10102:93,binary-input,,unknown,unmapped,0.1,
CT_1.RunStatus,CT,01_29,10102:95,binary-input,,CT_raw_status,mapped,0.4,
CT_1.ModeStatus,CT,05_04.05_1,10102:94,binary-input,,CT_raw_status,mapped,0.4,
CT_3.VSD.Amp,CT,05_04.05_1,10102:157,analog-input,amperes,unknown,unmapped,0.1,
CT_3.CWST,CT,05_04.05_1,10102:158,analog-input,degrees-Celsius,CT_raw_temp_cwl,mapped,0.6000000000000001,
CT_3.APT,CT,05_04.05_1,10102:159,analog-input,degrees-Celsius,CT_raw_temp_cwe,mapped,0.6000000000000001,
CT_3.AVGAPT,CT,05_04.05_1,10102:160,analog-input,degrees-Celsius,unknown,unmapped,0.1,
CT_3.CWST_Cell_1,CT,05_04.05_1,10102:161,analog-input,degrees-Celsius,unknown,unmapped,0.0,
CHW-Header.B2_L4.ChwSt,HEADER,05_04.05_1,10102:95,analog-input,degrees-Celsius,unknown,unmapped,0.0,
CT_1.TripStatus,CT,01_30.31_1,10102:96,binary-input,,CT_raw_trip,mapped,0.4,
FCU_05_13_1.CTL_FanSpeed,FCU,05_04.05_2,10102:96,multi-state-input,,FCU_raw_fan_speed,mapped,0.6000000000000001,
FCU_05_13_2.ModeStatus,FCU,05_04.05_2,10102:97,multi-state-input,,FCU_raw_cooling_heating_mode,mapped,0.6000000000000001,
FCU_05_13_2.CTL_FanSpeed,FCU,05_04.05_2,10102:98,multi-state-input,,FCU_raw_fan_speed_command,mapped,0.6000000000000001,
FCU_05_01_1.RunStatus,FCU,05_04.05_2,10102:162,binary-input,,FCU_raw_status,mapped,0.4,
FCU_05_01_2.ControllerStatus,FCU,05_04.05_2,10102:164,binary-input,,unknown,unmapped,0.1,
FCU_05_01_2.TripStatus,FCU,05_04.05_2,10102:165,binary-input,,FCU_raw_trip,mapped,0.4,
CHW-Header.B2_L4.ChwRt,HEADER,01_30.31_1,10102:96,analog-input,degrees-Celsius,unknown,unmapped,0.0,
CT_1.FailStatus,CT,05_04.05_2,10102:97,binary-input,,CT_raw_trip,mapped,0.4,
CT_1.WaterLevelHigh,CT,05_04.05_2,10102:98,binary-input,,unknown,unmapped,0.1,
CT_4.VSD.Volt,CT,05_04.05_2,10102:166,analog-input,volts,unknown,unmapped,0.1,
CHW-Header.B2_L4.ChwDt,HEADER,01_30.31_2,10102:97,analog-input,degrees-Celsius,unknown,unmapped,0.0,
CHW-Header.B2_L4.ChwFls,HEADER,01_30.31_2,10102:98,analog-input,liters-per-second,unknown,unmapped,0.0,
CT_1.WaterLevelLow,CT,01_30.31_2,10102:99,binary-input,,unknown,unmapped,0.1,
CHW-Header.B2_L4.ChwFgpm,HEADER,01_30.31_3,10102:99,analog-input,us-gallons-per-minute,unknown,unmapped,0.0,
CHW-Header.L4_L5.ChwSt,HEADER,01_30.31_3,10102:101,analog-input,degrees-Celsius,unknown,unmapped,0.0,
CHW-Header.B2_L4.ChwDp,HEADER,05_06_1,10102:100,analog-input,bars,unknown,unmapped,0.1,
CHW-Header.L4_L5.ChwRt,HEADER,05_06_1,10102:102,analog-input,degrees-Celsius,unknown,unmapped,0.0,
CT_2.OvrMode,CT,05_06_1,10102:100,binary-input,,unknown,unmapped,0.1,
CT_2.ModeStatus,CT,05_06_1,10102:101,binary-input,,CT_raw_status,mapped,0.4,
CT_4.CWST,CT,05_06_1,10102:168,analog-input,degrees-Celsius,CT_raw_temp_cwl,mapped,0.6000000000000001,
CT_4.APT,CT,05_06_1,10102:169,analog-input,degrees-Celsius,CT_raw_temp_cwe,mapped,0.6000000000000001,
CT_2.RunStatus,CT,01_32,10102:102,binary-input,,CT_raw_status,mapped,0.4,
CT_2.TripStatus,CT,01_32,10102:103,binary-input,,CT_raw_trip,mapped,0.4,
CHW-Header.L4_L5.ChwDt,HEADER,05_06_2,10102:103,analog-input,degrees-Celsius,unknown,unmapped,0.0,
CHW-Header.L4_L5.ChwFls,HEADER,05_06_2,10102:104,analog-input,liters-per-second,unknown,unmapped,0.0,
CT_2.FailStatus,CT,05_06_2,10102:104,binary-input,,CT_raw_trip,mapped,0.4,
CT_2.WaterLevelHigh,CT,05_06_2,10102:105,binary-input,,unknown,unmapped,0.1,
CHW-Header.L4_L5.ChwFgpm,HEADER,01_33.34_1,10102:105,analog-input,us-gallons-per-minute,unknown,unmapped,0.0,
CHW-Header.ChwSt,HEADER,01_33.34_1,10102:106,analog-input,degrees-Celsius,unknown,unmapped,0.0,
CT_2.WaterLevelLow,CT,01_33.34_1,10102:106,binary-input,,unknown,unmapped,0.1,
CT_3.OvrMode,CT,05_06_3,10102:107,binary-input,,unknown,unmapped,0.1,
CT_3.ModeStatus,CT,05_06_3,10102:108,binary-input,,CT_raw_status,mapped,0.4,
CHW-Header.ChwRt,HEADER,01_33.34_2,10102:107,analog-input,degrees-Celsius,unknown,unmapped,0.0,
CHW-Header.BpValveOpenStatus,HEADER,01_33.34_2,10102:108,analog-input,percent,unknown,unmapped,0.1,
CHW-Header.BpValveOpenCmd,HEADER,05_06_3,10102:109,analog-input,percent,unknown,unmapped,0.1,
CW-Header.CwSt,HEADER,05_06_3,10102:110,analog-input,degrees-Celsius,unknown,unmapped,0.0,
Header.CW-Header.CwRt,HEADER,05_06_3,10102:111,analog-input,degrees-Celsius,unknown,unmapped,0.0,
CT_3.RunStatus,CT,01_33.34_2,10102:109,binary-input,,CT_raw_status,mapped,0.4,
CT_3.TripStatus,CT,01_33.34_2,10102:110,binary-input,,CT_raw_trip,mapped,0.4,
CT_3.FailStatus,CT,01_33.34_2,10102:111,binary-input,,unknown,unmapped,0.1,
CT_3.WaterLevelHigh,CT,01_35_1,10102:112,binary-input,,unknown,unmapped,0.1,
CT_3.WaterLevelLow,CT,01_35_1,10102:113,binary-input,,unknown,unmapped,0.1,
CT_3.FailDisplay,CT,01_35_1,10102:114,binary-input,,CT_raw_trip,mapped,0.4,
CT_4.OvrMode,CT,01_35_1,10102:115,binary-input,,unknown,unmapped,0.1,
CW-Header.CwDt,HEADER,05_06_4,10102:112,analog-input,degrees-Celsius,unknown,unmapped,0.1,
CW-Header.CwFls,HEADER,05_06_4,10102:113,analog-input,liters-per-second,unknown,unmapped,0.0,
MakeupWater.MKT_3B_FM.Flow,SENSOR,05_06_4,10102:114,analog-input,liters-per-second,unknown,unmapped,0.1,
MakeupWater.DailyWaterUsage,UNKNOWN,05_06_4,10102:115,analog-input,cubic-meters,unknown,unmapped,0.1,
VibrationSensor.CH_1.Z_Axis_RMS_Velocity,VIBRATION SENSOR,01_35_1,10102:116,analog-input,millimeters-per-second,unknown,unmapped,0.1,
CT_4.ModeStatus,CT,05_06_4,10102:116,binary-input,,CT_raw_status,mapped,0.4,
CT_4.RunStatus,CT,05_07_1,10102:117,binary-input,,CT_raw_status,mapped,0.4,
CT_4.TripStatus,CT,05_07_1,10102:118,binary-input,,CT_raw_trip,mapped,0.4,
CT_4.FailStatus,CT,05_07_1,10102:119,binary-input,,unknown,unmapped,0.1,
VibrationSensor.CH_1.X_Axis_RMS_Velocity,VIBRATION SENSOR,01_35_2,10102:117,analog-input,millimeters-per-second,unknown,unmapped,0.1,
VibrationSensor.CH_2.Z_Axis_RMS_Velocity,VIBRATION SENSOR,01_35_2,10102:118,analog-input,millimeters-per-second,unknown,unmapped,0.1,
VibrationSensor.CH_2.X_Axis_RMS_Velocity,VIBRATION SENSOR,01_35_2,10102:119,analog-input,millimeters-per-second,unknown,unmapped,0.1,
CT_4.WaterLevelHigh,CT,01_35_2,10102:120,binary-input,,unknown,unmapped,0.1,
CT_4.WaterLevelLow,CT,01_35_2,10102:121,binary-input,,unknown,unmapped,0.1,
VibrationSensor.CHWP_1.Z_Axis_RMS_Velocity,VIBRATION SENSOR,05_07_1,10102:120,analog-input,millimeters-per-second,unknown,unmapped,0.1,
VibrationSensor.CHWP_1.X_Axis_RMS_Velocity,VIBRATION SENSOR,05_07_2,10102:121,analog-input,millimeters-per-second,unknown,unmapped,0.1,
VibrationSensor.CHWP_2.Z_Axis_RMS_Velocity,VIBRATION SENSOR,05_07_2,10102:122,analog-input,millimeters-per-second,unknown,unmapped,0.1,
VibrationSensor.CHWP_2.X_Axis_RMS_Velocity,VIBRATION SENSOR,05_07_2,10102:123,analog-input,millimeters-per-second,unknown,unmapped,0.1,
WTS.Flow,WATER TREATMENT SYSTEM,05_01_1,10102:122,binary-input,,unknown,unmapped,0.1,
ChillerExpensionTank.High_Level_Alarm,CHILLER EXPANSION TANK,05_01_1,10102:123,binary-input,,unknown,unmapped,0.1,
ChillerExpensionTank.Low_Level_Alarm,CHILLER EXPANSION TANK,05_07_2,10102:124,binary-input,,unknown,unmapped,0.1,
VibrationSensor.CHWP_3.Z_Axis_RMS_Velocity,VIBRATION SENSOR,05_01_1,10102:124,analog-input,millimeters-per-second,unknown,unmapped,0.1,
VibrationSensor.CWP_1.Z_Axis_RMS_Velocity,VIBRATION SENSOR,05_01_1,10102:126,analog-input,millimeters-per-second,unknown,unmapped,0.1,
VibrationSensor.CHWP_3.X_Axis_RMS_Velocity,VIBRATION SENSOR,05_07_3,10102:125,analog-input,millimeters-per-second,unknown,unmapped,0.1,
VibrationSensor.CWP_1.X_Axis_RMS_Velocity,VIBRATION SENSOR,05_01_2,10102:127,analog-input,millimeters-per-second,unknown,unmapped,0.1,
VibrationSensor.CWP_2.Z_Axis_RMS_Velocity,VIBRATION SENSOR,05_01_2,10102:128,analog-input,millimeters-per-second,unknown,unmapped,0.1,
VibrationSensor.CWP_2.X_Axis_RMS_Velocity,VIBRATION SENSOR,05_01_2,10102:129,analog-input,millimeters-per-second,unknown,unmapped,0.1,
VibrationSensor.CWP_3.X_Axis_RMS_Velocity,VIBRATION SENSOR,05_01_2,10102:131,analog-input,millimeters-per-second,unknown,unmapped,0.1,
VibrationSensor.CWP_3.Z_Axis_RMS_Velocity,VIBRATION SENSOR,05_07_4,10102:130,analog-input,millimeters-per-second,unknown,unmapped,0.1,
VibrationSensor.CH-3.X_Axis_RMS_Velocity,VIBRATION SENSOR,05_07_4,10102:133,analog-input,millimeters-per-second,unknown,unmapped,0.1,
VibrationSensor.CH-3.Z_Axis_RMS_Velocity,VIBRATION SENSOR,05_01_3,10102:132,analog-input,millimeters-per-second,unknown,unmapped,0.1,
CT_1.VSD.Hz,CT,05_01_3,10102:134,analog-input,hertz,unknown,unmapped,0.1,
CT_1.VSD.kW,CT,05_01_3,10102:135,analog-input,kilowatts,CT_raw_power_active_total,mapped,0.6000000000000001,
CT_1.VSD.Volt,CT,05_01_3,10102:136,analog-input,volts,unknown,unmapped,0.1,
FCU_01_29.TripStatus,FCU,05_08_1,10102:135,binary-input,,FCU_raw_trip,mapped,0.4,
FCU_01_29.RunStatus,FCU,05_08_1,10102:136,binary-input,,FCU_raw_status,mapped,0.4,
FCU_01_30.31_2.TripStatus,FCU,05_08_1,10102:139,binary-input,,unknown,unmapped,0.0,
FCU_05_04.05_2.ControllerStatus,FCU,05_08_1,10102:201,binary-input,,unknown,unmapped,0.1,
FCU_05_04.05_2.CTL_RunStop,FCU,05_08_1,10102:202,binary-input,,FCU_raw_on_off_command,mapped,0.6000000000000001,
FCU_01_30.31_2.RoomTemp,FCU,05_08_1,10102:203,analog-input,degrees-Celsius,FCU_raw_zone_air_temp,mapped,0.6000000000000001,
FCU_01_30.31_2.ValveOutput,FCU,05_08_1,10102:204,analog-input,percent,FCU_raw_valve_status,mapped,0.6000000000000001,
FCU_05_04.05_2.RunStatus,FCU,05_08_1,10102:205,binary-input,,unknown,unmapped,0.0,
CT_1.VSD.Amp,CT,05_08_1,10102:137,analog-input,amperes,unknown,unmapped,0.1,
CT_1.CWST,CT,05_08_1,10102:138,analog-input,degrees-Celsius,CT_raw_temp_cwl,mapped,0.6000000000000001,
CT_1.APT,CT,05_01_4,10102:139,analog-input,degrees-Celsius,unknown,unmapped,0.1,
CT_1.AVGAPT,CT,05_08_2,10102:140,analog-input,degrees-Celsius,unknown,unmapped,0.1,
CT_1.CWST_Cell_1,CT,05_08_2,10102:141,analog-input,degrees-Celsius,CT_raw_temp_cwl,mapped,0.6000000000000001,
CT_2.VSD.Hz,CT,05_08_2,10102:144,analog-input,hertz,unknown,unmapped,0.1,
CT_1.CWST_Cell_2,CT,05_01_5,10102:142,analog-input,degrees-Celsius,CT_raw_temp_cwl,mapped,0.6000000000000001,
CT_1.CWST_Cell_3,CT,05_01_5,10102:143,analog-input,degrees-Celsius,unknown,unmapped,0.0,
FCU_01_30.31_3.RunStatus,FCU,05_08_2,10102:142,binary-input,,FCU_raw_status,mapped,0.4,
FCU_01_32.TripStatus,FCU,05_08_2,10102:143,binary-input,,FCU_raw_trip,mapped,0.4,
FCU_01_30.31_3.RoomTemp,FCU,05_08_2,10102:206,analog-input,degrees-Celsius,FCU_raw_zone_air_temp,mapped,0.6000000000000001,
FCU_05_06_1.ControllerStatus,FCU,05_08_2,10102:206,binary-input,,unknown,unmapped,0.0,
FCU_05_06_1.CTL_RunStop,FCU,05_08_2,10102:207,binary-input,,FCU_raw_on_off_command,mapped,0.6000000000000001,
FCU_01_30.31_3.ValveOutput,FCU,05_08_2,10102:207,analog-input,percent,unknown,unmapped,0.0,
FCU_01_30.31_3.TempSetpoint,FCU,05_08_2,10102:208,analog-input,degrees-Celsius,FCU_raw_sp_zone_air_temp,mapped,0.6000000000000001,
CT_2.VSD.kW,CT,05_08_3,10102:145,analog-input,kilowatts,CT_raw_power_active_total,mapped,0.6000000000000001,
CT_2.VSD.Amp,CT,05_08_3,10102:147,analog-input,amperes,unknown,unmapped,0.1,
FCU_01_33.34_1.RunStatus,FCU,05_08_3,10102:146,binary-input,,FCU_raw_status,mapped,0.4,
FCU_01_33.34_2.TripStatus,FCU,05_08_3,10102:148,binary-input,,FCU_raw_trip,mapped,0.4,
FCU_01_33.34_2.CVControlMode,FCU,05_08_3,10102:149,binary-input,,unknown,unmapped,0.1,
FCU_05_06_1.TripStatus,FCU,05_08_3,10102:208,binary-input,,unknown,unmapped,0.0,
FCU_01_32.RoomTemp,FCU,05_08_3,10102:209,analog-input,degrees-Celsius,FCU_raw_zone_air_temp,mapped,0.6000000000000001,
FCU_05_06_1.RunStatus,FCU,05_08_3,10102:209,binary-input,,unknown,unmapped,0.0,
FCU_01_32.ValveOutput,FCU,05_08_3,10102:210,analog-input,percent,FCU_raw_valve_status,mapped,0.6000000000000001,
FCU_05_06_2.ControllerStatus,FCU,05_08_3,10102:210,binary-input,,unknown,unmapped,0.0,
CT_2.VSD.Volt,CT,05_01_6,10102:146,analog-input,volts,unknown,unmapped,0.1,
CT_2.CWST,CT,05_01_7,10102:148,analog-input,degrees-Celsius,CT_raw_temp_cwl,mapped,0.6000000000000001,
CT_2.APT,CT,05_01_7,10102:149,analog-input,degrees-Celsius,unknown,unmapped,0.1,
CT_2.AVGAPT,CT,05_01_7,10102:150,analog-input,degrees-Celsius,unknown,unmapped,0.1,
FCU_01_33.34_2.RunStatus,FCU,05_11_1,10102:150,binary-input,,FCU_raw_status,mapped,0.4,
FCU_01_32.TempSetpoint,FCU,05_11_1,10102:211,analog-input,degrees-Celsius,FCU_raw_sp_zone_air_temp,mapped,0.6000000000000001,
FCU_05_06_2.CTL_RunStop,FCU,05_11_1,10102:211,binary-input,,unknown,unmapped,0.0,
FCU_05_06_2.TripStatus,FCU,05_11_1,10102:212,binary-input,,FCU_raw_trip,mapped,0.4,
CT_2.CWST_Cell_1,CT,05_11_1,10102:151,analog-input,degrees-Celsius,CT_raw_temp_cwl,mapped,0.6000000000000001,
CT_2.CWST_Cell_2,CT,05_11_1,10102:152,analog-input,degrees-Celsius,unknown,unmapped,0.0,
CT_2.CWST_Cell_3,CT,05_11_1,10102:153,analog-input,degrees-Celsius,unknown,unmapped,0.0,
CT_3.VSD.Hz,CT,05_11_2,10102:154,analog-input,hertz,unknown,unmapped,0.1,
CT_3.VSD.kW,CT,05_11_2,10102:155,analog-input,kilowatts,CT_raw_power_active_total,mapped,0.6000000000000001,
CT_3.VSD.Volt,CT,05_11_2,10102:156,analog-input,volts,unknown,unmapped,0.1,
FCU_01_35_2.RunStatus,FCU,05_13_1,10102:158,binary-input,,FCU_raw_status,mapped,0.4,
FCU_05_01_1.CTL_RunStop,FCU,05_13_1,10102:159,binary-input,,FCU_raw_on_off_command,mapped,0.6000000000000001,
FCU_05_01_1.TripStatus,FCU,05_13_1,10102:160,binary-input,,FCU_raw_trip,mapped,0.4,
FCU_05_01_1.CVControlMode,FCU,05_13_1,10102:161,binary-input,,FCU_raw_cooling_heating_mode_command,mapped,0.6000000000000001,
FCU_05_06_2.RunStatus,FCU,05_13_1,10102:214,binary-input,,unknown,unmapped,0.0,
FCU_01_33.34_1.TempSetpoint,FCU,05_13_1,10102:214,analog-input,degrees-Celsius,unknown,unmapped,0.0,
FCU_05_06_3.ControllerStatus,FCU,05_13_1,10102:215,binary-input,,unknown,unmapped,0.1,
CT_3.CWST_Cell_2,CT,05_13_2,10102:162,analog-input,degrees-Celsius,CT_raw_temp_cwl,mapped,0.6000000000000001,
CT_4.VSD.Hz,CT,05_13_2,10102:164,analog-input,hertz,unknown,unmapped,0.1,
CT_4.VSD.kW,CT,05_13_2,10102:165,analog-input,kilowatts,CT_raw_power_active_total,mapped,0.6000000000000001,
FCU_05_01_1.ControllerStatus,FCU,05_13_2,10102:163,binary-input,,FCU_raw_status,mapped,0.4,
FCU_01_33.34_2.RoomTemp,FCU,05_13_2,10102:215,analog-input,degrees-Celsius,FCU_raw_zone_air_temp,mapped,0.6000000000000001,
FCU_05_06_3.CTL_RunStop,FCU,05_13_2,10102:216,binary-input,,FCU_raw_valve_status,mapped,0.6000000000000001,
FCU_01_33.34_2.ValveOutput,FCU,05_13_2,10102:216,analog-input,percent,unknown,unmapped,0.0,
CWST_Cell_3,UNKNOWN,05_04.05_2,10102:163,analog-input,degrees-Celsius,unknown,unmapped,0.0,
CT_4.VSD.Amp,CT,05_CMO_1,10102:167,analog-input,amperes,unknown,unmapped,0.1,
CT_4.AVGAPT,CT,05_CMO_1,10102:170,analog-input,degrees-Celsius,CT_raw_temp_cwl,mapped,0.6000000000000001,
CT_4.CWST_Cell_1,CT,05_CMO_2,10102:171,analog-input,degrees-Celsius,CT_raw_temp_cwe,mapped,0.6000000000000001,
WST_1.DryBulbTemp,WST,05_CMO_2,10102:172,analog-input,degrees-Celsius,unknown,unmapped,0.0,
WST_1.RH,WST,05_CMO_2,10102:173,analog-input,percent,unknown,unmapped,0.0,
WST_1.WetBulbTemp,WST,05_06_2,10102:174,analog-input,degrees-Celsius,unknown,unmapped,0.1,
FCU_05_01_4.CVControlMode,FCU,05_CMO_2,10102:174,binary-input,,FCU_raw_local_mode,mapped,0.6000000000000001,
FCU_05_01_4.RunStatus,FCU,05_CMO_2,10102:175,binary-input,,FCU_raw_status,mapped,0.4,
FCU_01_33.34_2.TempSetpoint,FCU,05_CMO_2,10102:219,analog-input,degrees-Celsius,FCU_raw_sp_zone_air_temp,mapped,0.6000000000000001,
FCU_01_35_1.RoomTemp,FCU,05_CMO_2,10102:220,analog-input,degrees-Celsius,FCU_raw_zone_air_temp,mapped,0.6000000000000001,
FCU_05_06_4.ControllerStatus,FCU,05_CMO_2,10102:220,binary-input,,unknown,unmapped,0.0,
FCU_05_06_4.CTL_RunStop,FCU,05_CMO_2,10102:221,binary-input,,FCU_raw_on_off_command,mapped,0.6000000000000001,
FCU_01_35_1.ValveOutput,FCU,05_CMO_2,10102:221,analog-input,percent,unknown,unmapped,0.0,
WST_1.DewPointTemp,WST,05_06_3,10102:175,analog-input,degrees-Celsius,unknown,unmapped,0.1,
WST_2.DewPointTemp,WST,05_06_3,10102:179,analog-input,degrees-Celsius,unknown,unmapped,0.1,
WST_2.DryBulbTemp,WST,05_CMO_3,10102:176,analog-input,degrees-Celsius,unknown,unmapped,0.0,
WST_2.RH,WST,05_CMO_3,10102:177,analog-input,percent,unknown,unmapped,0.0,
WST_2.WetBulbTemp,WST,05_CMO_3,10102:178,analog-input,degrees-Celsius,unknown,unmapped,0.1,
FCU_05_01_5.ControllerStatus,FCU,05_06_3,10102:176,binary-input,,FCU_raw_status,mapped,0.4,
FCU_05_01_5.CTL_RunStop,FCU,05_06_3,10102:177,binary-input,,FCU_raw_on_off_command,mapped,0.6000000000000001,
FCU_05_01_5.TripStatus,FCU,05_06_3,10102:178,binary-input,,FCU_raw_trip,mapped,0.4,
FCU_05_01_5.RunStatus,FCU,05_CMO_3,10102:179,binary-input,,FCU_raw_status,mapped,0.4,
FCU_05_01_6.ControllerStatus,FCU,05_CMO_3,10102:180,binary-input,,unknown,unmapped,0.1,
FCU_01_35_1.FanOutput,FCU,05_CMO_3,10102:222,analog-input,percent,FCU_raw_fan_speed,mapped,0.6000000000000001,
FCU_05_06_4.TripStatus,FCU,05_CMO_3,10102:222,binary-input,,unknown,unmapped,0.0,
FCU_01_35_1.CTL_CoolingValve,FCU,05_CMO_3,10102:223,analog-input,percent,unknown,unmapped,0.1,
FCU_05_06_4.CVControlMode,FCU,05_CMO_3,10102:223,binary-input,,unknown,unmapped,0.1,
FCU_01_35_1.TempSetpoint,FCU,05_CMO_3,10102:224,analog-input,degrees-Celsius,FCU_raw_sp_zone_air_temp,mapped,0.6000000000000001,
WTS_1.PH,WATER TREATMENT SYSTEM,05_06_4,10102:180,analog-input,no-units,unknown,unmapped,0.1,
WTS_1.TDS,WATER TREATMENT SYSTEM,05_06_4,10102:181,analog-input,no-units,unknown,unmapped,0.1,
FCU_05_01_6.TripStatus,FCU,05_06_4,10102:182,binary-input,,FCU_raw_trip,mapped,0.4,
FCU_05_01_6.RunStatus,FCU,05_06_4,10102:183,binary-input,,FCU_raw_status,mapped,0.4,
FCU_05_01_7.ControllerStatus,FCU,05_06_4,10102:184,binary-input,,unknown,unmapped,0.1,
PH,UNKNOWN,01_26.27_1,10102:183,analog-input,no-units,unknown,unmapped,0.1,
WTS.TDS,WATER TREATMENT SYSTEM,01_26.27_1,10102:184,analog-input,no-units,unknown,unmapped,0.1,
WTS.Conductivity,WATER TREATMENT SYSTEM,01_26.27_2,10102:186,analog-input,no-units,unknown,unmapped,0.1,
WTS.ORP,WATER TREATMENT SYSTEM,01_26.27_3,10102:187,analog-input,no-units,unknown,unmapped,0.1,
FCU_05_01_8.ControllerStatus,FCU,05_07_2,10102:188,binary-input,,FCU_raw_status,mapped,0.4,
FCU_01_26.27_2.ValveOutput,FCU,05_07_2,10102:189,analog-input,percent,FCU_raw_valve_status,mapped,0.6000000000000001,
FCU_01_26.27_2.TempSetpoint,FCU,05_07_2,10102:190,analog-input,degrees-Celsius,FCU_raw_sp_zone_air_temp,mapped,0.6000000000000001,
FCU_05_06_4.RunStatus,FCU,FCU_05_06_4,10102:224,binary-input,,FCU_raw_status,mapped,0.4,
FCU_05_06_4.RoomTemp,FCU,FCU_05_06_4,10102:288,analog-input,degrees-Celsius,FCU_raw_zone_air_temp,mapped,0.6000000000000001,
FCU_05_06_4.ValveOutput,FCU,FCU_05_06_4,10102:289,analog-input,percent,FCU_raw_valve_status,mapped,0.6000000000000001,
FCU_05_06_4.FanOutput,FCU,FCU_05_06_4,10102:290,analog-input,percent,FCU_raw_fan_speed,mapped,0.6000000000000001,
FCU_05_06_4.CTL_CoolingValve,FCU,FCU_05_06_4,10102:291,analog-input,percent,FCU_raw_chw_valve_status,mapped,0.6000000000000001,
FCU_05_06_4.TempSetpoint,FCU,FCU_05_06_4,10102:292,analog-input,degrees-Celsius,FCU_raw_sp_zone_air_temp,mapped,0.6000000000000001,
FCU_05_07_1.ControllerStatus,FCU,FCU_05_07_1,10102:225,binary-input,,FCU_raw_status,mapped,0.4,
FCU_05_07_1.CTL_RunStop,FCU,FCU_05_07_1,10102:226,binary-input,,FCU_raw_on_off_command,mapped,0.6000000000000001,
FCU_05_07_1.TripStatus,FCU,FCU_05_07_1,10102:227,binary-input,,FCU_raw_trip,mapped,0.4,
FCU_05_07_1.RunStatus,FCU,FCU_05_07_1,10102:228,binary-input,,unknown,unmapped,0.0,
FCU_05_07_1.RoomTemp,FCU,FCU_05_07_1,10102:293,analog-input,degrees-Celsius,FCU_raw_zone_air_temp,mapped,0.6000000000000001,
FCU_05_07_1.ValveOutput,FCU,FCU_05_07_1,10102:294,analog-input,percent,FCU_raw_valve_status,mapped,0.6000000000000001,
FCU_05_07_1.TempSetpoint,FCU,FCU_05_07_1,10102:295,analog-input,degrees-Celsius,FCU_raw_sp_zone_air_temp,mapped,0.6000000000000001,
FCU_01_35_2.RoomTemp,FCU,FCU_01_35_2,10102:225,analog-input,degrees-Celsius,FCU_raw_zone_air_temp,mapped,0.6000000000000001,
FCU_01_35_2.ValveOutput,FCU,FCU_01_35_2,10102:226,analog-input,percent,FCU_raw_valve_status,mapped,0.6000000000000001,
FCU_01_35_2.FanOutput,FCU,FCU_01_35_2,10102:227,analog-input,percent,FCU_raw_fan_speed,mapped,0.6000000000000001,
FCU_01_35_2.CTL_CoolingValve,FCU,FCU_01_35_2,10102:228,analog-input,percent,FCU_raw_chw_valve_status,mapped,0.6000000000000001,
FCU_01_35_2.TempSetpoint,FCU,FCU_01_35_2,10102:229,analog-input,degrees-Celsius,FCU_raw_sp_zone_air_temp,mapped,0.6000000000000001,
FCU_01_35_2.ControllerStatus,FCU,FCU_01_35_2,10102:313,binary-input,,FCU_raw_status,mapped,0.4,
FCU_05_07_2.ControllerStatus,FCU,FCU_05_07_2,10102:229,binary-input,,FCU_raw_status,mapped,0.4,
FCU_05_07_2.CTL_RunStop,FCU,FCU_05_07_2,10102:230,binary-input,,FCU_raw_on_off_command,mapped,0.6000000000000001,
FCU_05_07_2.TripStatus,FCU,FCU_05_07_2,10102:231,binary-input,,FCU_raw_trip,mapped,0.4,
FCU_05_07_2.RunStatus,FCU,FCU_05_07_2,10102:232,binary-input,,unknown,unmapped,0.0,
FCU_05_07_2.RoomTemp,FCU,FCU_05_07_2,10102:296,analog-input,degrees-Celsius,FCU_raw_zone_air_temp,mapped,0.6000000000000001,
FCU_05_07_2.ValveOutput,FCU,FCU_05_07_2,10102:297,analog-input,percent,FCU_raw_valve_status,mapped,0.6000000000000001,
FCU_05_07_2.TempSetpoint,FCU,FCU_05_07_2,10102:298,analog-input,degrees-Celsius,FCU_raw_sp_zone_air_temp,mapped,0.6000000000000001,
FCU_05_01_1.RoomTemp,FCU,FCU_05_01_1,10102:230,analog-input,degrees-Celsius,FCU_raw_zone_air_temp,mapped,0.6000000000000001,
FCU_05_01_1.ValveOutput,FCU,FCU_05_01_1,10102:231,analog-input,percent,FCU_raw_valve_status,mapped,0.6000000000000001,
FCU_05_01_1.FanOutput,FCU,FCU_05_01_1,10102:232,analog-input,percent,FCU_raw_fan_speed,mapped,0.6000000000000001,
FCU_05_01_1.CTL_CoolingValve,FCU,FCU_05_01_1,10102:233,analog-input,percent,FCU_raw_chw_valve_status,mapped,0.6000000000000001,
FCU_05_01_1.TempSetpoint,FCU,FCU_05_01_1,10102:234,analog-input,degrees-Celsius,FCU_raw_sp_zone_air_temp,mapped,0.6000000000000001,
FCU_05_07_3.ControllerStatus,FCU,FCU_05_07_3,10102:233,binary-input,,FCU_raw_status,mapped,0.4,
FCU_05_07_3.CTL_RunStop,FCU,FCU_05_07_3,10102:234,binary-input,,FCU_raw_on_off_command,mapped,0.6000000000000001,
FCU_05_07_3.TripStatus,FCU,FCU_05_07_3,10102:235,binary-input,,FCU_raw_trip,mapped,0.4,
FCU_05_07_3.CVControlMode,FCU,FCU_05_07_3,10102:236,binary-input,,unknown,unmapped,0.1,
FCU_05_07_3.RunStatus,FCU,FCU_05_07_3,10102:237,binary-input,,unknown,unmapped,0.0,
FCU_05_07_3.RoomTemp,FCU,FCU_05_07_3,10102:299,analog-input,degrees-Celsius,FCU_raw_zone_air_temp,mapped,0.6000000000000001,
FCU_05_07_3.ValveOutput,FCU,FCU_05_07_3,10102:300,analog-input,percent,FCU_raw_valve_status,mapped,0.6000000000000001,
FCU_05_07_3.FanOutput,FCU,FCU_05_07_3,10102:301,analog-input,percent,FCU_raw_fan_speed,mapped,0.6000000000000001,
FCU_05_07_3.CTL_CoolingValve,FCU,FCU_05_07_3,10102:302,analog-input,percent,FCU_raw_chw_valve_status,mapped,0.6000000000000001,
FCU_05_07_3.TempSetpoint,FCU,FCU_05_07_3,10102:303,analog-input,degrees-Celsius,FCU_raw_sp_zone_air_temp,mapped,0.6000000000000001,
FCU_05_01_2.RoomTemp,FCU,FCU_05_01_2,10102:235,analog-input,degrees-Celsius,FCU_raw_zone_air_temp,mapped,0.6000000000000001,
FCU_05_01_2.ValveOutput,FCU,FCU_05_01_2,10102:236,analog-input,percent,FCU_raw_valve_status,mapped,0.6000000000000001,
FCU_05_01_2.FanOutput,FCU,FCU_05_01_2,10102:237,analog-input,percent,FCU_raw_fan_speed,mapped,0.6000000000000001,
FCU_05_01_2.CTL_CoolingValve,FCU,FCU_05_01_2,10102:238,analog-input,percent,FCU_raw_chw_valve_status,mapped,0.6000000000000001,
FCU_05_01_2.TempSetpoint,FCU,FCU_05_01_2,10102:239,analog-input,degrees-Celsius,FCU_raw_sp_zone_air_temp,mapped,0.6000000000000001,
FCU_05_07_4.ControllerStatus,FCU,FCU_05_07_4,10102:238,binary-input,,FCU_raw_status,mapped,0.4,
FCU_05_07_4.CTL_RunStop,FCU,FCU_05_07_4,10102:239,binary-input,,FCU_raw_on_off_command,mapped,0.6000000000000001,
FCU_05_07_4.TripStatus,FCU,FCU_05_07_4,10102:240,binary-input,,FCU_raw_trip,mapped,0.4,
FCU_05_07_4.CVControlMode,FCU,FCU_05_07_4,10102:241,binary-input,,FCU_raw_local_mode,mapped,0.6000000000000001,
FCU_05_07_4.RunStatus,FCU,FCU_05_07_4,10102:242,binary-input,,unknown,unmapped,0.0,
FCU_05_07_4.RoomTemp,FCU,FCU_05_07_4,10102:304,analog-input,degrees-Celsius,FCU_raw_zone_air_temp,mapped,0.6000000000000001,
FCU_05_07_4.ValveOutput,FCU,FCU_05_07_4,10102:305,analog-input,percent,FCU_raw_valve_status,mapped,0.6000000000000001,
FCU_05_07_4.FanOutput,FCU,FCU_05_07_4,10102:306,analog-input,percent,FCU_raw_fan_speed,mapped,0.6000000000000001,
FCU_05_07_4.CTL_CoolingValve,FCU,FCU_05_07_4,10102:307,analog-input,percent,FCU_raw_chw_valve_status,mapped,0.6000000000000001,
FCU_05_07_4.TempSetpoint,FCU,FCU_05_07_4,10102:308,analog-input,degrees-Celsius,FCU_raw_sp_zone_air_temp,mapped,0.6000000000000001,
FCU_05_01_3.RoomTemp,FCU,FCU_05_01_3,10102:240,analog-input,degrees-Celsius,FCU_raw_zone_air_temp,mapped,0.6000000000000001,
FCU_05_01_3.ValveOutput,FCU,FCU_05_01_3,10102:241,analog-input,percent,FCU_raw_valve_status,mapped,0.6000000000000001,
FCU_05_01_3.FanOutput,FCU,FCU_05_01_3,10102:242,analog-input,percent,FCU_raw_fan_speed,mapped,0.6000000000000001,
FCU_05_01_3.CTL_CoolingValve,FCU,FCU_05_01_3,10102:243,analog-input,percent,FCU_raw_chw_valve_status,mapped,0.6000000000000001,
FCU_05_01_3.TempSetpoint,FCU,FCU_05_01_3,10102:244,analog-input,degrees-Celsius,FCU_raw_sp_zone_air_temp,mapped,0.6000000000000001,
FCU_05_08_1.ControllerStatus,FCU,FCU_05_08_1,10102:243,binary-input,,FCU_raw_status,mapped,0.4,
FCU_05_08_1.CTL_RunStop,FCU,FCU_05_08_1,10102:244,binary-input,,FCU_raw_on_off_command,mapped,0.6000000000000001,
FCU_05_08_1.TripStatus,FCU,FCU_05_08_1,10102:245,binary-input,,FCU_raw_trip,mapped,0.4,
FCU_05_08_1.CVControlMode,FCU,FCU_05_08_1,10102:246,binary-input,,FCU_raw_cooling_heating_mode_command,mapped,0.6000000000000001,
FCU_05_08_1.RunStatus,FCU,FCU_05_08_1,10102:247,binary-input,,unknown,unmapped,0.0,
FCU_05_08_1.RoomTemp,FCU,FCU_05_08_1,10102:309,analog-input,degrees-Celsius,FCU_raw_zone_air_temp,mapped,0.6000000000000001,
FCU_05_08_1.ValveOutput,FCU,FCU_05_08_1,10102:310,analog-input,percent,FCU_raw_valve_status,mapped,0.6000000000000001,
FCU_05_08_1.FanOutput,FCU,FCU_05_08_1,10102:311,analog-input,percent,FCU_raw_fan_speed,mapped,0.6000000000000001,
FCU_05_08_1.CTL_CoolingValve,FCU,FCU_05_08_1,10102:312,analog-input,percent,FCU_raw_chw_valve_status,mapped,0.6000000000000001,
FCU_05_08_1.TempSetpoint,FCU,FCU_05_08_1,10102:313,analog-input,degrees-Celsius,FCU_raw_sp_zone_air_temp,mapped,0.6000000000000001,
FCU_05_01_4.RoomTemp,FCU,FCU_05_01_4,10102:245,analog-input,degrees-Celsius,FCU_raw_zone_air_temp,mapped,0.6000000000000001,
FCU_05_01_4.CTL_CoolingValve,FCU,FCU_05_01_4,10102:248,analog-input,percent,FCU_raw_chw_valve_status,mapped,0.6000000000000001,
FCU_05_01_4.TempSetpoint,FCU,FCU_05_01_4,10102:249,analog-input,degrees-Celsius,FCU_raw_sp_zone_air_temp,mapped,0.6000000000000001,
FCU_05_08_2.ControllerStatus,FCU,FCU_05_08_2,10102:248,binary-input,,FCU_raw_status,mapped,0.4,
FCU_05_08_2.CTL_RunStop,FCU,FCU_05_08_2,10102:249,binary-input,,FCU_raw_on_off_command,mapped,0.6000000000000001,
FCU_05_08_2.TripStatus,FCU,FCU_05_08_2,10102:250,binary-input,,FCU_raw_trip,mapped,0.4,
FCU_05_08_2.CVControlMode,FCU,FCU_05_08_2,10102:251,binary-input,,FCU_raw_local_mode,mapped,0.6000000000000001,
FCU_05_08_2.RunStatus,FCU,FCU_05_08_2,10102:252,binary-input,,unknown,unmapped,0.0,
FCU_05_08_2.RoomTemp,FCU,FCU_05_08_2,10102:314,analog-input,degrees-Celsius,FCU_raw_zone_air_temp,mapped,0.6000000000000001,
FCU_05_08_2.ValveOutput,FCU,FCU_05_08_2,10102:315,analog-input,percent,FCU_raw_valve_status,mapped,0.6000000000000001,
FCU_05_08_2.FanOutput,FCU,FCU_05_08_2,10102:316,analog-input,percent,FCU_raw_fan_speed,mapped,0.6000000000000001,
FCU_05_08_2.CTL_CoolingValve,FCU,FCU_05_08_2,10102:317,analog-input,percent,FCU_raw_chw_valve_status,mapped,0.6000000000000001,
FCU_05_08_2.TempSetpoint,FCU,FCU_05_08_2,10102:318,analog-input,degrees-Celsius,FCU_raw_sp_zone_air_temp,mapped,0.6000000000000001,
FCU_05_01_5.RoomTemp,FCU,FCU_05_01_5,10102:250,analog-input,degrees-Celsius,FCU_raw_zone_air_temp,mapped,0.6000000000000001,
FCU_05_01_5.ValveOutput,FCU,FCU_05_01_5,10102:251,analog-input,percent,FCU_raw_valve_status,mapped,0.6000000000000001,
FCU_05_01_5.TempSetpoint,FCU,FCU_05_01_5,10102:252,analog-input,degrees-Celsius,FCU_raw_sp_zone_air_temp,mapped,0.6000000000000001,
FCU_05_08_3.ControllerStatus,FCU,FCU_05_08_3,10102:253,binary-input,,FCU_raw_status,mapped,0.4,
FCU_05_08_3.CTL_RunStop,FCU,FCU_05_08_3,10102:254,binary-input,,FCU_raw_on_off_command,mapped,0.6000000000000001,
FCU_05_08_3.TripStatus,FCU,FCU_05_08_3,10102:255,binary-input,,FCU_raw_trip,mapped,0.4,
FCU_05_08_3.CVControlMode,FCU,FCU_05_08_3,10102:256,binary-input,,FCU_raw_cooling_heating_mode,mapped,0.6000000000000001,
FCU_05_08_3.RunStatus,FCU,FCU_05_08_3,10102:257,binary-input,,unknown,unmapped,0.0,
FCU_05_08_3.RoomTemp,FCU,FCU_05_08_3,10102:319,analog-input,degrees-Celsius,FCU_raw_zone_air_temp,mapped,0.6000000000000001,
FCU_05_08_3.ValveOutput,FCU,FCU_05_08_3,10102:320,analog-input,percent,FCU_raw_valve_status,mapped,0.6000000000000001,
FCU_05_08_3.FanOutput,FCU,FCU_05_08_3,10102:321,analog-input,percent,FCU_raw_fan_speed,mapped,0.6000000000000001,
FCU_05_08_3.CTL_CoolingValve,FCU,FCU_05_08_3,10102:322,analog-input,percent,FCU_raw_chw_valve_status,mapped,0.6000000000000001,
FCU_05_08_3.TempSetpoint,FCU,FCU_05_08_3,10102:323,analog-input,degrees-Celsius,FCU_raw_sp_zone_air_temp,mapped,0.6000000000000001,
FCU_05_01_6.RoomTemp,FCU,FCU_05_01_6,10102:253,analog-input,degrees-Celsius,FCU_raw_zone_air_temp,mapped,0.6000000000000001,
FCU_05_01_6.ValveOutput,FCU,FCU_05_01_6,10102:254,analog-input,percent,FCU_raw_valve_status,mapped,0.6000000000000001,
FCU_05_01_6.TempSetpoint,FCU,FCU_05_01_6,10102:255,analog-input,degrees-Celsius,FCU_raw_sp_zone_air_temp,mapped,0.6000000000000001,
FCU_05_01_7.RoomTemp,FCU,FCU_05_01_7,10102:256,analog-input,degrees-Celsius,FCU_raw_zone_air_temp,mapped,0.6000000000000001,
FCU_05_01_7.ValveOutput,FCU,FCU_05_01_7,10102:257,analog-input,percent,FCU_raw_valve_status,mapped,0.6000000000000001,
FCU_05_01_7.TempSetpoint,FCU,FCU_05_01_7,10102:258,analog-input,degrees-Celsius,FCU_raw_sp_zone_air_temp,mapped,0.6000000000000001,
FCU_05_11_1.ControllerStatus,FCU,FCU_05_11_1,10102:258,binary-input,,FCU_raw_status,mapped,0.4,
FCU_05_11_1.CTL_RunStop,FCU,FCU_05_11_1,10102:259,binary-input,,FCU_raw_on_off_command,mapped,0.6000000000000001,
FCU_05_11_1.TripStatus,FCU,FCU_05_11_1,10102:260,binary-input,,FCU_raw_trip,mapped,0.4,
FCU_05_11_1.RunStatus,FCU,FCU_05_11_1,10102:261,binary-input,,unknown,unmapped,0.0,
FCU_05_11_1.RoomTemp,FCU,FCU_05_11_1,10102:324,analog-input,degrees-Celsius,FCU_raw_zone_air_temp,mapped,0.6000000000000001,
FCU_05_11_1.ValveOutput,FCU,FCU_05_11_1,10102:325,analog-input,percent,FCU_raw_valve_status,mapped,0.6000000000000001,
FCU_05_11_1.TempSetpoint,FCU,FCU_05_11_1,10102:326,analog-input,degrees-Celsius,FCU_raw_sp_zone_air_temp,mapped,0.6000000000000001,
FCU_05_01_8.ValveOutput,FCU,FCU_05_01_8,10102:260,analog-input,percent,FCU_raw_valve_status,mapped,0.6000000000000001,
FCU_05_01_8.TempSetpoint,FCU,FCU_05_01_8,10102:261,analog-input,degrees-Celsius,FCU_raw_sp_zone_air_temp,mapped,0.6000000000000001,
FCU_05_01_9.RoomTemp,FCU,FCU_05_01_9,10102:262,analog-input,degrees-Celsius,FCU_raw_zone_air_temp,mapped,0.6000000000000001,
FCU_05_01_9.ValveOutput,FCU,FCU_05_01_9,10102:263,analog-input,percent,FCU_raw_valve_status,mapped,0.6000000000000001,
FCU_05_01_9.TempSetpoint,FCU,FCU_05_01_9,10102:264,analog-input,degrees-Celsius,FCU_raw_sp_zone_air_temp,mapped,0.6000000000000001,
FCU_05_11_2.ControllerStatus,FCU,FCU_05_11_2,10102:262,binary-input,,FCU_raw_status,mapped,0.4,
FCU_05_11_2.CTL_RunStop,FCU,FCU_05_11_2,10102:263,binary-input,,FCU_raw_on_off_command,mapped,0.6000000000000001,
FCU_05_11_2.TripStatus,FCU,FCU_05_11_2,10102:264,binary-input,,FCU_raw_trip,mapped,0.4,
FCU_05_11_2.RunStatus,FCU,FCU_05_11_2,10102:265,binary-input,,unknown,unmapped,0.0,
FCU_05_11_2.RoomTemp,FCU,FCU_05_11_2,10102:327,analog-input,degrees-Celsius,FCU_raw_zone_air_temp,mapped,0.6000000000000001,
FCU_05_11_2.ValveOutput,FCU,FCU_05_11_2,10102:328,analog-input,percent,FCU_raw_valve_status,mapped,0.6000000000000001,
FCU_05_11_2.TempSetpoint,FCU,FCU_05_11_2,10102:329,analog-input,degrees-Celsius,FCU_raw_sp_zone_air_temp,mapped,0.6000000000000001,
FCU_05_04.05_1.RoomTemp,FCU,FCU_05_04.05_1,10102:265,analog-input,degrees-Celsius,FCU_raw_zone_air_temp,mapped,0.6000000000000001,
FCU_05_04.05_1.ValveOutput,FCU,FCU_05_04.05_1,10102:266,analog-input,percent,FCU_raw_valve_status,mapped,0.6000000000000001,
FCU_05_04.05_1.FanOutput,FCU,FCU_05_04.05_1,10102:267,analog-input,percent,FCU_raw_fan_speed,mapped,0.6000000000000001,
FCU_05_04.05_1.CTL_CoolingValve,FCU,FCU_05_04.05_1,10102:268,analog-input,percent,FCU_raw_chw_valve_status,mapped,0.6000000000000001,
FCU_05_04.05_1.TempSetpoint,FCU,FCU_05_04.05_1,10102:269,analog-input,degrees-Celsius,FCU_raw_sp_zone_air_temp,mapped,0.6000000000000001,
FCU_05_13_1.ControllerStatus,FCU,FCU_05_13_1,10102:266,binary-input,,unknown,unmapped,0.1,
FCU_05_13_1.CTL_RunStop,FCU,FCU_05_13_1,10102:267,binary-input,,FCU_raw_on_off_command,mapped,0.6000000000000001,
FCU_05_13_1.TripStatus,FCU,FCU_05_13_1,10102:268,binary-input,,FCU_raw_trip,mapped,0.4,
FCU_05_13_1.RunStatus,FCU,FCU_05_13_1,10102:269,binary-input,,FCU_raw_status,mapped,0.4,
FCU_05_13_1.RoomTemp,FCU,FCU_05_13_1,10102:330,analog-input,degrees-Celsius,FCU_raw_zone_air_temp,mapped,0.6000000000000001,
FCU_05_13_1.ValveOutput,FCU,FCU_05_13_1,10102:331,analog-input,percent,FCU_raw_valve_status,mapped,0.6000000000000001,
FCU_05_13_1.TempSetpoint,FCU,FCU_05_13_1,10102:332,analog-input,degrees-Celsius,FCU_raw_sp_zone_air_temp,mapped,0.6000000000000001,
FCU_05_04.05_2.RoomTemp,FCU,FCU_05_04.05_2,10102:270,analog-input,degrees-Celsius,FCU_raw_zone_air_temp,mapped,0.6000000000000001,
FCU_05_04.05_2.ValveOutput,FCU,FCU_05_04.05_2,10102:271,analog-input,percent,FCU_raw_valve_status,mapped,0.6000000000000001,
FCU_05_04.05_2.FanOutput,FCU,FCU_05_04.05_2,10102:272,analog-input,percent,FCU_raw_fan_speed,mapped,0.6000000000000001,
FCU_05_04.05_2.CTL_CoolingValve,FCU,FCU_05_04.05_2,10102:273,analog-input,percent,FCU_raw_chw_valve_status,mapped,0.6000000000000001,
FCU_05_04.05_2.TempSetpoint,FCU,FCU_05_04.05_2,10102:274,analog-input,degrees-Celsius,FCU_raw_sp_zone_air_temp,mapped,0.6000000000000001,
FCU_05_13_2.ControllerStatus,FCU,FCU_05_13_2,10102:270,binary-input,,FCU_raw_status,mapped,0.4,
FCU_05_13_2.CTL_RunStop,FCU,FCU_05_13_2,10102:271,binary-input,,FCU_raw_on_off_command,mapped,0.6000000000000001,
FCU_05_13_2.TripStatus,FCU,FCU_05_13_2,10102:272,binary-input,,FCU_raw_trip,mapped,0.4,
FCU_05_13_2.RunStatus,FCU,FCU_05_13_2,10102:273,binary-input,,unknown,unmapped,0.0,
FCU_05_13_2.RoomTemp,FCU,FCU_05_13_2,10102:333,analog-input,degrees-Celsius,FCU_raw_zone_air_temp,mapped,0.6000000000000001,
FCU_05_13_2.ValveOutput,FCU,FCU_05_13_2,10102:334,analog-input,percent,FCU_raw_valve_status,mapped,0.6000000000000001,
FCU_05_13_2.TempSetpoint,FCU,FCU_05_13_2,10102:335,analog-input,degrees-Celsius,FCU_raw_sp_zone_air_temp,mapped,0.6000000000000001,
FCU_05_CMO_1.ControllerStatus,FCU,FCU_05_CMO_1,10102:274,binary-input,,FCU_raw_status,mapped,0.4,
FCU_05_CMO_1.CTL_RunStop,FCU,FCU_05_CMO_1,10102:275,binary-input,,FCU_raw_on_off_command,mapped,0.6000000000000001,
FCU_05_CMO_1.TripStatus,FCU,FCU_05_CMO_1,10102:276,binary-input,,FCU_raw_trip,mapped,0.4,
FCU_05_CMO_1.CVControlMode,FCU,FCU_05_CMO_1,10102:277,binary-input,,unknown,unmapped,0.1,
FCU_05_CMO_1.RunStatus,FCU,FCU_05_CMO_1,10102:278,binary-input,,unknown,unmapped,0.0,
FCU_05_CMO_1.RoomTemp,FCU,FCU_05_CMO_1,10102:336,analog-input,degrees-Celsius,FCU_raw_zone_air_temp,mapped,0.6000000000000001,
FCU_05_CMO_1.ValveOutput,FCU,FCU_05_CMO_1,10102:337,analog-input,percent,FCU_raw_valve_status,mapped,0.6000000000000001,
FCU_05_CMO_1.FanOutput,FCU,FCU_05_CMO_1,10102:338,analog-input,percent,FCU_raw_fan_speed,mapped,0.6000000000000001,
FCU_05_CMO_1.CTL_CoolingValve,FCU,FCU_05_CMO_1,10102:339,analog-input,percent,FCU_raw_chw_valve_status,mapped,0.6000000000000001,
FCU_05_CMO_1.TempSetpoint,FCU,FCU_05_CMO_1,10102:340,analog-input,degrees-Celsius,FCU_raw_sp_zone_air_temp,mapped,0.6000000000000001,
FCU_05_06_1.RoomTemp,FCU,FCU_05_06_1,10102:275,analog-input,degrees-Celsius,FCU_raw_zone_air_temp,mapped,0.6000000000000001,
FCU_05_06_1.ValveOutput,FCU,FCU_05_06_1,10102:276,analog-input,percent,FCU_raw_valve_status,mapped,0.6000000000000001,
FCU_05_06_1.TempSetpoint,FCU,FCU_05_06_1,10102:277,analog-input,degrees-Celsius,FCU_raw_sp_zone_air_temp,mapped,0.6000000000000001,
FCU_05_06_2.RoomTemp,FCU,FCU_05_06_2,10102:278,analog-input,degrees-Celsius,FCU_raw_zone_air_temp,mapped,0.6000000000000001,
FCU_05_06_2.ValveOutput,FCU,FCU_05_06_2,10102:279,analog-input,percent,FCU_raw_valve_status,mapped,0.6000000000000001,
FCU_05_06_2.FanOutput,FCU,FCU_05_06_2,10102:280,analog-input,percent,FCU_raw_fan_speed,mapped,0.6000000000000001,
FCU_05_06_2.CTL_CoolingValve,FCU,FCU_05_06_2,10102:281,analog-input,percent,FCU_raw_chw_valve_status,mapped,0.6000000000000001,
FCU_05_06_2.TempSetpoint,FCU,FCU_05_06_2,10102:282,analog-input,degrees-Celsius,FCU_raw_sp_zone_air_temp,mapped,0.6000000000000001,
FCU_05_CMO_2.ControllerStatus,FCU,FCU_05_CMO_2,10102:279,binary-input,,FCU_raw_status,mapped,0.4,
FCU_05_CMO_2.CTL_RunStop,FCU,FCU_05_CMO_2,10102:280,binary-input,,FCU_raw_on_off_command,mapped,0.6000000000000001,
FCU_05_CMO_2.TripStatus,FCU,FCU_05_CMO_2,10102:281,binary-input,,FCU_raw_trip,mapped,0.4,
FCU_05_CMO_2.CVControlMode,FCU,FCU_05_CMO_2,10102:282,binary-input,,FCU_raw_local_mode,mapped,0.6000000000000001,
FCU_05_CMO_2.RunStatus,FCU,FCU_05_CMO_2,10102:283,binary-input,,unknown,unmapped,0.0,
FCU_05_CMO_2.RoomTemp,FCU,FCU_05_CMO_2,10102:341,analog-input,degrees-Celsius,FCU_raw_zone_air_temp,mapped,0.6000000000000001,
FCU_05_CMO_2.ValveOutput,FCU,FCU_05_CMO_2,10102:342,analog-input,percent,FCU_raw_valve_status,mapped,0.6000000000000001,
FCU_05_CMO_2.FanOutput,FCU,FCU_05_CMO_2,10102:343,analog-input,percent,FCU_raw_fan_speed,mapped,0.6000000000000001,
FCU_05_CMO_2.CTL_CoolingValve,FCU,FCU_05_CMO_2,10102:344,analog-input,percent,FCU_raw_chw_valve_status,mapped,0.6000000000000001,
FCU_05_CMO_2.TempSetpoint,FCU,FCU_05_CMO_2,10102:345,analog-input,degrees-Celsius,FCU_raw_sp_zone_air_temp,mapped,0.6000000000000001,
FCU_05_06_3.RoomTemp,FCU,FCU_05_06_3,10102:283,analog-input,degrees-Celsius,FCU_raw_zone_air_temp,mapped,0.6000000000000001,
FCU_05_06_3.ValveOutput,FCU,FCU_05_06_3,10102:284,analog-input,percent,FCU_raw_valve_status,mapped,0.6000000000000001,
FCU_05_06_3.FanOutput,FCU,FCU_05_06_3,10102:285,analog-input,percent,FCU_raw_fan_speed,mapped,0.6000000000000001,
FCU_05_06_3.CTL_CoolingValve,FCU,FCU_05_06_3,10102:286,analog-input,percent,FCU_raw_chw_valve_status,mapped,0.6000000000000001,
FCU_05_06_3.TempSetpoint,FCU,FCU_05_06_3,10102:287,analog-input,degrees-Celsius,FCU_raw_sp_zone_air_temp,mapped,0.6000000000000001,
FCU_05_CMO_3.ControllerStatus,FCU,FCU_05_CMO_3,10102:284,binary-input,,FCU_raw_status,mapped,0.4,
FCU_05_CMO_3.CTL_RunStop,FCU,FCU_05_CMO_3,10102:285,binary-input,,FCU_raw_on_off_command,mapped,0.6000000000000001,
FCU_05_CMO_3.TripStatus,FCU,FCU_05_CMO_3,10102:286,binary-input,,FCU_raw_trip,mapped,0.4,
FCU_05_CMO_3.CVControlMode,FCU,FCU_05_CMO_3,10102:287,binary-input,,FCU_raw_local_mode,mapped,0.6000000000000001,
FCU_05_CMO_3.RunStatus,FCU,FCU_05_CMO_3,10102:288,binary-input,,unknown,unmapped,0.0,
FCU_05_CMO_3.RoomTemp,FCU,FCU_05_CMO_3,10102:346,analog-input,degrees-Celsius,FCU_raw_zone_air_temp,mapped,0.6000000000000001,
FCU_05_CMO_3.ValveOutput,FCU,FCU_05_CMO_3,10102:347,analog-input,percent,FCU_raw_valve_status,mapped,0.6000000000000001,
FCU_05_CMO_3.FanOutput,FCU,FCU_05_CMO_3,10102:348,analog-input,percent,FCU_raw_fan_speed,mapped,0.6000000000000001,
FCU_05_CMO_3.CTL_CoolingValve,FCU,FCU_05_CMO_3,10102:349,analog-input,percent,FCU_raw_chw_valve_status,mapped,0.6000000000000001,
FCU_05_CMO_3.TempSetpoint,FCU,FCU_05_CMO_3,10102:350,analog-input,degrees-Celsius,FCU_raw_sp_zone_air_temp,mapped,0.6000000000000001,
FCU_01_25.ControllerStatus,FCU,FCU_01_25,10102:289,binary-input,,FCU_raw_status,mapped,0.4,
FCU_01_25.CTL_RunStop,FCU,FCU_01_25,10102:290,binary-input,,FCU_raw_on_off_command,mapped,0.6000000000000001,
FCU_01_26.27_1.ControllerStatus,FCU,FCU_01_26.27_1,10102:291,binary-input,,FCU_raw_status,mapped,0.4,
FCU_01_26.27_1.CTL_RunStop,FCU,FCU_01_26.27_1,10102:292,binary-input,,FCU_raw_on_off_command,mapped,0.6000000000000001,
FCU_01_26.27_2.ControllerStatus,FCU,FCU_01_26.27_2,10102:293,binary-input,,FCU_raw_status,mapped,0.4,
FCU_01_26.27_2.CTL_RunStop,FCU,FCU_01_26.27_2,10102:294,binary-input,,FCU_raw_on_off_command,mapped,0.6000000000000001,
FCU_01_26.27_3.ControllerStatus,FCU,FCU_01_26.27_3,10102:295,binary-input,,FCU_raw_status,mapped,0.4,
FCU_01_26.27_3.CTL_RunStop,FCU,FCU_01_26.27_3,10102:296,binary-input,,FCU_raw_on_off_command,mapped,0.6000000000000001,
FCU_01_28.ControllerStatus,FCU,FCU_01_28,10102:297,binary-input,,FCU_raw_status,mapped,0.4,
FCU_01_28.CTL_RunStop,FCU,FCU_01_28,10102:298,binary-input,,FCU_raw_on_off_command,mapped,0.6000000000000001,
FCU_01_29.ControllerStatus,FCU,FCU_01_29,10102:299,binary-input,,FCU_raw_status,mapped,0.4,
FCU_01_29.CTL_RunStop,FCU,FCU_01_29,10102:300,binary-input,,FCU_raw_on_off_command,mapped,0.6000000000000001,
FCU_01_30.31_1.ControllerStatus,FCU,FCU_01_30.31_1,10102:301,binary-input,,FCU_raw_status,mapped,0.4,
FCU_01_30.31_1.CTL_RunStop,FCU,FCU_01_30.31_1,10102:302,binary-input,,FCU_raw_on_off_command,mapped,0.6000000000000001,
FCU_01_30.31_2.ControllerStatus,FCU,FCU_01_30.31_2,10102:303,binary-input,,FCU_raw_status,mapped,0.4,
FCU_01_30.31_2.CTL_RunStop,FCU,FCU_01_30.31_2,10102:304,binary-input,,FCU_raw_on_off_command,mapped,0.6000000000000001,
FCU_01_30.31_3.ControllerStatus,FCU,FCU_01_30.31_3,10102:305,binary-input,,FCU_raw_status,mapped,0.4,
FCU_01_30.31_3.CTL_RunStop,FCU,FCU_01_30.31_3,10102:306,binary-input,,FCU_raw_on_off_command,mapped,0.6000000000000001,
FCU_01_32.ControllerStatus,FCU,FCU_01_32,10102:307,binary-input,,FCU_raw_status,mapped,0.4,
FCU_01_32.CTL_RunStop,FCU,FCU_01_32,10102:308,binary-input,,FCU_raw_on_off_command,mapped,0.6000000000000001,
FCU_01_33.34_1.ControllerStatus,FCU,FCU_01_33.34_1,10102:309,binary-input,,FCU_raw_status,mapped,0.4,
FCU_01_33.34_1.CTL_RunStop,FCU,FCU_01_33.34_1,10102:310,binary-input,,FCU_raw_on_off_command,mapped,0.6000000000000001,
FCU_01_33.34_2.ControllerStatus,FCU,FCU_01_33.34_2,10102:311,binary-input,,FCU_raw_status,mapped,0.4,
FCU_01_35_1.ControllerStatus,FCU,FCU_01_35_1,10102:312,binary-input,,FCU_raw_status,mapped,0.4,
PlantControl_PlantRunCmd,PLANT CONTROL,PlantControl,10102:314,binary-input,,unknown,unmapped,0.1,
PlantControl_StageControlCmd,PLANT CONTROL,PlantControl,10102:390,analog-input,no-units,unknown,unmapped,0.1,
PlantControl_hdrChwst,PLANT CONTROL,PlantControl,10102:391,analog-input,no-units,unknown,unmapped,0.0,
HL_CH_1_CoolingLCWSetpoint,HEAT LOAD,HL_CH_1,10102:354,analog-input,degrees-Celsius,unknown,unmapped,0.1,
HL_CH_1_BaseDemandLimit,HEAT LOAD,HL_CH_1,10102:355,analog-input,percent,unknown,unmapped,0.1,
HL_CH_2_CoolingLCWSetpoint,HEAT LOAD,HL_CH_2,10102:356,analog-input,degrees-Celsius,unknown,unmapped,0.1,
HL_CH_2_BaseDemandLimit,HEAT LOAD,HL_CH_2,10102:357,analog-input,percent,unknown,unmapped,0.1,
HL_CH_3_CoolingLCWSetpoint,HEAT LOAD,HL_CH_3,10102:358,analog-input,degrees-Celsius,unknown,unmapped,0.1,
HL_CH_3_BaseDemandLimit,HEAT LOAD,HL_CH_3,10102:359,analog-input,percent,unknown,unmapped,0.1,
CWP_AllCwpDtSp,CHWP,CWP,10102:360,analog-input,degrees-Celsius,unknown,unmapped,0.1,
CT_Cwst_Sp,CT,CT,10102:367,analog-input,degrees-Celsius,CT_raw_sp_temp_cwl,mapped,0.7000000000000001,
StageControl_S1_ChwHdrDp_Sp,STAGE CONTROL,StageControl,10102:372,analog-input,bars,unknown,unmapped,0.1,
StageControl_S2_ChwHdrDp_Sp,STAGE CONTROL,StageControl,10102:373,analog-input,bars,unknown,unmapped,0.1,
Energy_TotalChwTon,ENERGY,Energy,10102:377,analog-input,no-units,unknown,unmapped,0.1,
Energy_TotalCwTon,ENERGY,Energy,10102:378,analog-input,no-units,unknown,unmapped,0.1,
Energy_ChEnergyEfficiency,ENERGY,Energy,10102:379,analog-input,no-units,unknown,unmapped,0.1,
Energy_ChwpEnergyEfficiency,ENERGY,Energy,10102:380,analog-input,no-units,unknown,unmapped,0.1,
Energy_CwpEnergyEfficiency,ENERGY,Energy,10102:381,analog-input,no-units,unknown,unmapped,0.1,
Energy_CtEnergyEfficiency,ENERGY,Energy,10102:382,analog-input,no-units,unknown,unmapped,0.1,
Energy_SystemEnergyEfficiency,ENERGY,Energy,10102:383,analog-input,no-units,unknown,unmapped,0.1,
Energy_TotalChiller_Elec_kW,ENERGY,Energy,10102:384,analog-input,kilowatts,unknown,unmapped,0.0,
Energy_TotalChwp_Elec_kW,ENERGY,Energy,10102:385,analog-input,kilowatts,unknown,unmapped,0.1,
Energy_TotalCwp_Elec_kW,ENERGY,Energy,10102:386,analog-input,kilowatts,unknown,unmapped,0.1,
Energy_TotalCt_Elec_kW,ENERGY,Energy,10102:387,analog-input,kilowatts,unknown,unmapped,0.1,
Energy_ChPlant_Elec_kW,ENERGY,Energy,10102:388,analog-input,kilowatts,unknown,unmapped,0.1,
Energy_HeatBalance,ENERGY,Energy,10102:389,analog-input,no-units,unknown,unmapped,0.1,
HGM_10102,MISCELLANEOUS,HGM_10102,10102:10102,device,,unknown,unmapped,0.1,
